,,,,,,,,,,,,,,,,
2019pmd,16043.170095667409,505.291090035093,58732.791269379355,2.508347171517309,12.665017657430063,3.0508235549842055e-05,15.144574751424805,3.7518193077962514,32636.14594819778,310.2978764288164,58734.71110566842,3.7400477914155097,27.31153660262599,0.7672183212428252,38.73544381935457,7.057181850267519
2019tvv,38237.061189490385,255.9059181868588,58786.49222797934,0.05781734133467822,48.171424389708726,0.9148548209406753,20.931697297500374,18.728310968765797,46178.75235668015,105.3854119505022,58783.79993884855,6.448904755687971,31.999355372056883,0.7950009776356302,18.58874018236432,2.105791276843978
2019wka,30479.828623696016,964.512361090186,58842.16522839648,9.56207785483094,8.562045819092123,0.25161477124742015,2.8758925887769813,0.9527878715330141,31584.26110933464,-861.29021804072,58829.14365570662,163.7793038133403,31.462784339227323,6.1194917739815224e-06,8.833172101709808,8.842829615413635
2019wqf,3816.718678566998,355.9474499368471,58859.23650500604,48.569657821274255,27.501734027779516,0.003911652458074677,0.010537736151136588,3.8700262919037716,20423.02117762175,247.99810137008035,58819.3890488078,15.60112381456198,26.241853442193353,0.019048934081897784,16.103958301954325,7.509672753518039
2019wyp,11640.985426429203,242.5184703604873,58463.325545677406,164.85324010642495,10.280964957376524,0.7294181186627366,379.86202799438826,1.6620411806653188,10846.930227373152,-660.444801758239,58807.17377875441,458.98177754372165,94.64545398985898,0.7551288074994182,69.05208582930234,0.5535665062869621
2019yyb,7110.386880291904,293.9561751754695,58848.928861060405,1.4750014104585722,8.724581106237403,0.7662763005090949,20.397963612719224,0.2980242942225562,12481.689821343087,444.09120678216823,58831.994368997555,151283402.2943552,15.22382297277919,0.8411549723751683,54.314062608072284,0.6382520465900274
2020aajf,6108.601133446137,-28.478518139198513,59175.37786610802,2.81481780348271,13.695926629401686,2.8903421423143172e-05,9.842838388233579,1.6192669120915106,4552.737030156644,237.90719698124258,59175.21684196953,2.000144336838269,21.304038392320553,0.010493484167041878,14.018428109935888,2.8193721736025927
2020aatr,7741.989928152733,-879.9754201372884,59180.53610658765,4.4847290817105225,38.72762455025697,0.7192898397238139,16.37422371444905,0.34829627363900123,8188.517769099145,173.5145417539984,59180.90167232173,3.976405762630845,23.20160352734887,0.5720336296372144,13.557806030336517,2.9793006674342375
2020aazk,3590.760282121371,-433.3596874190064,59174.57424765814,2.7246730450993772,191.4614511556833,1.0,40.5043465387123,0.963726402794323,4159.504959077822,-764.6996796760632,59174.709758481964,3.9699417216442057,155.06296397059282,0.6492923639964217,33.327395044469114,1.2676134690309664
2020abcn,17618.83848065593,278.5857083228584,59186.03372469191,0.113934005767655,40.38676276305211,0.9442591642271323,26.5135020205937,2.129564016878947,16762.26758702847,353.9943377578261,59186.86534745061,1.8734490650429383,19.95255773816712,0.0003653207067253472,0.0008984913780438342,10.221645699240362
2020abim,14210.540802480107,275.5535115805794,59094.96577450575,1256.40475753519,60.910638540964385,0.6619284855614802,123.51337699370877,1.2146267050640835,6949.092238809356,425.1286055304622,59195.4585855536,24.5959974226896,20.929775657316544,0.09179115942918736,1.05394336872655,1.0734831301273158
2020abip,15493.107035915684,348.20730116483674,59195.09016796059,2.86014100073819,10.753265042471154,3.9996059253200045e-05,0.00011524041189194488,1.850553604581537,18347.012729379163,268.63506418476663,59193.76264620789,3.834399523314103,22.541289578004392,0.4874807527902911,9.831310618359014,4.671583342422155
2020acbc,2052.438346436705,391.6830380243762,59191.94982166297,2.652363784708274,352.830472454336,1.0,33.842163311087546,1.4481776578292644,3552.602254325146,-199.85969005233687,59195.64426840034,5.9552987678198726,39.795741861527105,0.5820135045945249,13.15103240232202,0.847255902217167
2020aciz,14139.024445073592,-6535.24287468969,59213.814966801496,14.237120134553795,38.73394642641766,0.055174738707893356,0.6322511764315373,0.21699699148696386,6419.815067137851,-1866.5612506619088,59195.69913680119,6.830248872709947,117.51230475824777,0.5309111324939819,24.48804345207546,0.5930236100758529
2020acjy,6461.4513507912025,332.9774368209205,59196.028740026595,3.9168171474674263,9.30765177544757,0.80882913078438,23.410615905429996,0.5280424612034399,4200.390816568776,123.21439228131567,59197.2231695552,1.249146466023258,22.940850805304816,0.03745684787273529,13.19494886257381,4.172983147881342
2020acmm,10646.816658315669,502.19617297366676,59200.87337641956,2.3373213571462905,10.39536593334624,0.10983161742576786,16.753480955274394,6.577626655840225,11794.14089412749,-638.7672325425074,59200.728278849696,3.3353714991862615,29.64420659822397,6.089337374781678e-05,16.256736864147843,1.756844357776084
2020acts,10834.024843115898,335.0752552279664,59203.01540140484,3.0152984063153556,11.319256416186505,0.578069041842282,19.48708505320336,1.6402308663471326,11096.45343032642,259.95271105503844,59201.8302413741,1.9760070458222025,26.70780108374051,0.6054309614682349,21.093034925355113,0.8764095312580861
2020adkc,5233.816425834864,300.6705327137429,59208.34867950838,3.152316774989659,9.651225813937122,0.4883683456797887,20.07161425665759,0.6943012976914008,4017.457453350494,248.09125456393872,59210.094482486675,0.31641455308541266,24.637813211550885,0.011688687727034353,11.710636435029047,1.393121250171427
2020adlp,6600.479959106226,279.2207046337994,59210.260039286026,2.4296960197981075,11.22675357165702,0.47173447591843365,19.107273120599583,2.3268835431303057,7922.370252227944,120.60947609820482,59214.725368917905,5.566150272385998,28.051012749632193,0.5584327407939884,16.310233271690333,1.6947311355292551
2020aekp,16918.815765577667,5384.913034475776,59218.39573181028,3.421929300760462,6.573599936184426,0.7604812672676764,20.87768071185909,11.215671198798582,10493.395972440221,6842.324166811037,59235.69721812609,7.467172948153731,19.959348546955923,0.00034283854831884675,0.0010083517289965413,9.943285699943067
2020aeqp,9332.136320775804,283.7637409551162,59214.06558540054,1.207046140889491,19.92153183182538,0.8945123669279238,34.56839680850483,2.1893670213307668,6222.639344449948,288.03677971075285,59250.307264872536,199.72913177788126,24.24250595089893,0.5148942845561646,11.000284484449642,3.8119491552921816
2020azn,1840.1863487800451,-40.05013079021455,58875.87953955336,3.16929662600423,12.532085545399749,0.28796486392821175,17.354638170082822,0.8533742625483152,2911.5304747766363,-936.2313089186675,58873.15406214064,7.85798980992775,29.835493791793212,0.00022099142433251728,14.867918529810257,0.5508524615549556
2020dow,25757.24522645461,-1909.0553361468778,58912.09593067033,3.8265007874847874,264.30337482472544,0.890883757368176,42.837602158137884,4.14200575301772,11896.452841152071,-556.5744383653309,58908.38825982383,2.6198584509138003,52.38178558022584,0.7516220981767707,49.56173827764333,2.896194094852225
2020duv,14372.297580997683,337.19374445196934,58912.57325479408,1.8918728107684857,38.62630474003012,0.9110363708662976,46.67161034101184,1.1800117555679375,15752.820712584164,252.5192017701197,58913.83804208403,2.4745331125408057,27.349071004218366,4.567643678377031e-05,12.138813766006589,4.774974285897173
2020dwg,9562.291345062738,331.5564573003966,58915.4022285188,1.784545778345703,22.929602362914753,0.9232705483738608,30.87935877176793,0.5736027875258872,9091.833307602064,270.21776672525334,58914.90864532634,1.9481668652081818,23.96138097482994,0.7904864594945809,46.481576136023726,0.5282773253867005
2020eci,9457.42119304259,353.2602998136656,58913.707093516394,2.3200140151444706,10.81782665507482,0.5648784889901486,13.937339909481894,0.12758280015054932,28994.645711503537,-3060.1418624831786,58949.109309400774,11.078188120197197,98.71543804123537,0.8189112027493621,5.902686758235031,0.7018134156057069
2020esm,50821.47882184828,2135.7219563142835,58937.02872936537,4.412563074709709,18.573552030876762,0.8547758313756286,28.617076138204496,6.50465368580559,81895.47452248985,1904.9907177444438,58112.3372118313,248.24144541859062,22.448614226260588,0.6692968538763104,850.9920010576479,45.15033119512672
2020evu,6558.486857848336,281.4320287918107,58939.39724907444,0.0234989948283239,9.8985663095034,0.8311199801421794,24.361926107992858,0.8073777046305991,7019.911839960235,336.63606371257583,58954.483827902244,11.44839711093886,16.446456776320055,0.0007082928095409891,0.003786135767370044,2.312658255884512
2020ewx,12724.51290838537,368.42866236603913,58937.307160433455,3.627286484297365,13.507356444404355,0.3139406257191226,6.180960002993569,0.9828031308191674,11580.378643084494,312.13816734504826,58953.14763784363,10.868023640473854,22.27646874381069,0.4212554451705537,4.547653369658758,1.8262310047998582
2020fhs,26894.393391939502,463.9984176621151,58942.45159903912,1.8651499143348005,35.05642442451218,0.8491202640699418,29.647296632508503,3.2863866791568817,46032.421387492104,679.9104515138515,58944.029929247954,2.0012640887598323,15.794207618518424,2.4538199993262566e-05,10.716155177592475,21.702827252437544
2020ftl,200919.17209320856,8466.869416833812,58944.82205508129,0.2384616873113114,8.050508429934865,5.662402596806615e-06,15.034948613356965,644.0192344387053,250269.05774403803,3208.166613090594,58944.36377249438,0.010230038229110375,20.773157720931312,0.8262900857748412,37.33498592377038,188.61157155686544
2020hr,9656.94017171975,326.5836912361365,58855.846115974455,2.332801634751726,11.000038144607888,0.6748650668495708,22.831353464517402,2.3850995970460063,6363.461216676255,262.6819805700875,58854.74973953224,2.351812445686626,22.839423780291995,0.11440737245656885,14.400974483615054,2.6859322298593384
2020igy,33672.71214389376,967.4712202164237,58971.70843010683,2.5541322547776324,10.528303877073176,0.7765763180900969,22.161710564913776,12.33501777603729,33181.52768924762,407.1115560371545,58970.94828896042,3.1103920470979305,23.922196132861806,0.5539908617248526,19.223650983250593,13.836873147689081
2020ilb,9308.377523048011,-173.44802376727057,58971.337135150716,2.6525884311939305,9.930293789639151,0.31539453954477037,18.30199280593457,3.9232766572754683,7907.129740427463,308.3231889234107,58970.47464697617,2.3464550311568124,23.246265611569395,2.2627826336441004e-05,14.395770100107049,3.322339886746532
2020jgl,3881.301083185687,2652.0946279474247,59057.79838998196,99.74165134218019,22.95326541910904,0.00014453422924098902,101.31692673144315,1.9738373921861645,5768.300308791327,-1160.6518217637843,59060.71318358151,92.46421473616827,55.64536480520821,0.159963165579045,98.28733628441783,0.9005980692446471
2020jny,50168.344758431114,768.8665028817941,58991.51088088648,2.219627403833963,9.682174672422386,0.00021370428076350478,0.00031634188947457514,9.167313618277946,26072.392755375546,681.6498231147543,58983.93404154194,1.6334263076061548,19.032845644397305,3.2481551226926086e-05,12.814504235017507,40.48316910766188
2020juq,1209.9232676875667,668.5903212526871,58983.08099619061,2.215916075285649,15977697.84631306,1.0,17.903126163184655,1.814547422682234,1853.6908181822487,99.6102399017393,58982.21776205246,3.243069706646514,17.835539307309144,0.5755243343400949,17.0776106720881,1.2086451550079977
2020kaj,1699.0671957298166,213.53839009933222,58979.21262190671,2.9143120128487907,154.0027796198297,1.0,34.92226165904607,1.3463535380489935,1322.2679845015202,235.95051208630002,58979.48323125327,3.271753581062879,16.014400871653578,0.1258295390740627,11.762637259981322,1.6072835420085605
2020kbl,2212.6838954111945,285.5043278404265,58985.38155743026,1.0538428219960254,5.887419305970016,0.5488742032150482,21.81942050547251,0.8694328888963417,3449.2849986053693,105.58772718117098,58984.970553591,3.0179225021626186,25.082008776388307,0.2440968137314361,11.302892278107622,2.4519139453893963
2020kre,2921.126471440362,-226.24552840192132,58989.730794132956,2.987997701600077,13902.760670480367,0.6396426317799309,49.43942864119952,1.1987763099220081,1460.7129189806549,549.7939999999999,58992.16228181071,0.049631355990790306,6.0660257754068025,0.39880195100849014,189.8749266684698,0.7571048162220803
2020kvl,18386.402251218256,-7285.4334156601,58994.052461660984,8.409935332488592,234.81587277770805,0.9633980787814533,75.61011937359183,6.906990503524455,10691.74716636091,-2063.8204003950095,58999.18041951763,7.025659333169762,256.60665554598194,0.6838002855797163,42.134237939074154,3.2625124128844405
2020lbf,16025.099530168205,571.6117278645793,59001.05093150162,4.233609849922626,13.567799387508,0.780726006869034,22.220359354713132,0.8903556427875173,17259.111966798017,313.78024512573893,59003.27638950018,5.054537008062235,24.526187578349834,0.47991213344110006,14.19314502032863,2.225523534821143
2020msu,5443.685085466303,-462.4285345979506,59017.94459716877,4.2333936966077905,16.911571743608324,0.19581544591846867,7.291422959532948,0.9290177142856908,4218.234605099085,-160.8485938270435,59018.16123278345,3.768217269115537,55.198110323375616,0.6228597926676791,24.87002184065772,1.7778694098967123
2020myi,4972.978105165235,248.220578522408,59018.50912677706,1.8822307756958165,10.528657464302594,0.21876190794047923,16.297762443376843,0.8209075977790453,9586.801676566682,47.13799261883128,59025.81643068246,4.67979115115894,27.408104323005098,0.5669761545193421,6.740279295112487,1.8765132659175598
2020nbo,7216.158036304853,299.6087527088205,59022.14278278507,2.135173007665128,6.724425091098566,0.279328204352443,10.837053303424737,1.8581219707159526,7879.919971376181,-18.591613197857896,59021.91271406264,2.374091370802226,24.70305443319952,0.7767556402441633,31.422386954386486,3.0819104361621337
2020nlb,1205045.29276454,4156.030528460789,59032.69195095567,1.5916430733301805,58.14711666886639,0.9749545819038157,135.81975495064754,12.690366310552097,213101.46341026202,787.7497643503011,59079.36266925471,21.474198483382885,44.96249882453294,0.35565369207107844,0.6921747354409623,114.32202727222199
2020nva,5861.199336629959,120.68514233682015,59025.66242535545,8653676.099906797,57.09448138636566,0.6381081540987266,25.37106942154548,0.36549724392277116,16629.502043401106,275.619373146018,58978.227807843155,14.629087574179085,25.53526189456883,0.294929657558721,39.997718913354475,0.9615562678816041
2020onu,3244.1848268153226,413.31062471530004,59067.84872754377,77.83940312040309,20.836707285228126,0.31495405170213076,0.7516341120541805,3.227255760582851,39041.05112158442,488.11146410892025,58304.83122097401,2400.181149198592,16.187560658694245,0.49741088015184265,746.657863203784,4.359229633725377
2020pf,4926.09088521819,-765.5926158067884,58855.76278731289,4.260704130926204,29.210438026698252,0.544693555889044,25.042240496146782,1.5513174255223756,2330.5480675059607,493.053892998475,58858.64876411427,0.6036383335564584,23481.935763855075,0.9635025813038012,51.42548981952803,1.9300722952729332
2020pki,3011.243425590004,354.1518380620639,59053.96717632937,4.254248419566538,4.746306236636324,0.003821057734694877,0.004353113389631788,3.136141284065376,6118.1357169793155,202.74186222336903,59044.03484951163,2.147093704543025,11.875250960816599,0.012070426642073695,8.441133053544569,5.114882381928124
2020ppe,11230.799759369816,348.8000286810568,59052.058497437654,2.6122846689420456,11.53977546017532,0.9030681198798214,17.08974834372519,3.917776642332558,10482.616071137832,453.8727512043947,59051.51267986019,2.8735573818769526,10.764594656868454,0.8621166343378286,30.948526388287434,10.374745632575923
2020pst,11752.666960954388,525.5876619455616,59054.93228749186,1.924052042001717,10.590127029520142,4.2953983616866864e-05,14.71823155318285,4.0590450221642,14967.338976807272,-230.30270457674578,59055.98303044357,2.7359671060006177,30.668983887998074,0.5397564564723707,22.391946029712372,4.995076658068818
2020psv,3978.7080867152254,-129.42558020464412,59051.101272132015,3.19192689077273,13.357139850055297,0.8114199815510659,22.79895205835547,1.3389393920535024,5061.453037094299,-1418.645524025441,59048.246271580065,3.9442258369726946,44.634222948995266,0.45599057953040223,24.228677525103354,1.227342822703085
2020qkx,2491.795216128187,167.3829184435915,59057.05383383947,2.4220072573822677,9.328206198670394,0.323367882126782,20.02068606569745,0.925122938954553,1825.3321550774233,212.9056771859439,59056.93293012771,2.433771835928075,17.215371466961596,4.288221899306777e-05,18.03851219219853,1.0486392565991682
2020qql,7743.346369343181,76.25713883394292,59066.16387126503,2.8622258504975218,14.763297851809332,0.1636064325936608,14.344561531533953,1.9716082042260716,6457.082206730181,143.13656970299053,59066.791930614505,3.0215280135073663,21.896484500522103,0.14382909633797492,14.121529729164266,3.250316263296353
2020qwb,3622.168076852803,286.0234984594206,59069.446318149974,2.4219385556819844,12.855960248470542,2.0525286590133973e-05,9.952717552447229,2.147407572962199,5216.052129579584,338.8504687939119,59067.87666700208,0.726277533232159,77.1902508652006,0.8447636236086054,46.93672151632213,2.267257106581066
2020rkt,4106.828701817756,-8.745579989837097,59070.40021168154,3.75980737051033,75.76938286539325,0.8720052010233088,31.22479489150483,1.0796921769441437,2906.5358519611873,245.53462571196224,59070.836614180014,3.484169960297746,21.309135948387883,0.06931880650945765,8.619439703615557,0.8227012968304259
2020rmg,21801.647864172195,653.4579468579022,59083.68496117658,2.202510127920218,12.85417023648055,0.8604501537273033,28.207207328744186,1.1273622521767175,17511.27395129651,315.603813024738,59067.60440725204,1.6022832594005754,27.35513759594993,0.8366541099010831,62.2582973114951,7.316497430712019
2020row,5881.708920141085,-1469.0500550585818,59081.200603986385,4.3310666401033755,5801312223177.877,0.6834001211135745,40.50747369501122,1.6316955323755453,4606.8779135656405,-49.05344287553726,59084.70552351324,3.383372438373426,34.08445756651211,0.5262427601098434,22.570435618317262,1.0677188765942864
2020rvq,18998.198515849166,-1145.9839364129564,59184.75577269944,33.466955146723215,15.869038678689027,0.9275017784871173,78.40522236107292,1.6319345730755956,1003.5419812924837,346.7748441666331,59085.40802801512,2.3809538988464425,11.67848054148744,1.0577263391597924e-05,19.52990955410405,0.4479716614089876
2020sag,12437.669100997056,514.994116366428,59092.76939817548,2.191477325796866,11.942789133385268,0.1574980613647916,19.137196479364995,2.8487778019682324,17042.353230354845,-484.5845544040949,59096.21058993849,3.992051322435407,37.82860789347015,0.5322107682363832,22.064781724700996,4.634934933144144
2020scj,5080.6582804933905,-533.3067959757605,59089.4124393727,4.950671932064659,53.15927525996935,0.7454064572233232,24.695402487016807,1.102654334148465,2862.5804879863385,220.9940541904475,59087.4016207642,2.965915943704983,16.901929807693495,0.3084133179476547,22.96054857649788,1.589283405517417
2020sck,41143.049906033426,1025.067829514397,59092.31774208912,1.8564937634398277,24.501128108020676,0.8746533276202317,22.50300483557605,24.259073714943295,23778.33849370908,1880.5352712646581,59088.6376227943,0.15012385342852355,20.334985245828094,4.169909530338245e-06,20.660199764614042,17.288485672351133
2020sga,4192.401970091116,68.08714772827716,59092.41337023037,2.5237940655227113,12.692138135221896,0.10216117466172725,19.1114339657075,1.033607252550772,4454.908425427135,68.97439219999023,59092.59427375713,2.916454969187244,26.260123329751547,2.2363353286758425e-05,20.599025087727917,1.2617345385963625
2020sia,5795.256435964452,-117.00755306008,59095.471151544276,2.9169830954819997,17.192777314152174,0.5887083530518213,11.904321138411037,0.9069831955094964,3901.9026992170734,-177.22430984034008,59094.93963599492,3.9171147632875396,31.77800652510069,0.5163772663509987,20.233379667459086,0.5944227512770063
2020sjo,21009.92934154699,782.6254850938849,59098.50726961644,1.942416198449584,10.163130146143123,8.18005842306846e-06,14.24149162950132,5.666764260406561,29810.45009341878,625.5218372598247,59116.47083258439,5.577537401689569,19.212602238886706,0.3321933196918505,1.0088156949747507,4.825163786707738
2020skd,8290.806801622872,52.13731768673779,59093.61367919354,2.823831416463348,13.062936369916455,0.6112012177967594,20.535269187034157,0.9847183830327891,5035.240112352313,181.6522697217281,59090.35340583039,1.703645276188875,27.432086233534683,0.0001831632877176137,13.045552947780996,1.282351670418545
2020skr,3477.3620931138776,51.799692994168254,59098.40995339708,3.2651930174088766,12.383505602448018,0.5230781797293638,18.898907579142534,0.9926928763890025,4857.649327418149,-601.2501382337568,59099.8748717865,4.857348801735557,54.49347722320399,0.5921774739229002,20.35479763192369,1.6354733280533231
2020svo,31317.79064813136,658.3756526473321,59112.77068480388,5.167176775915907,9.890320299032446,0.2781555236253619,3.0998096357813916,2.680787739942886,22837.535475959012,201.42971266661334,59118.32364430317,6.408049436998308,23.972730748247884,0.4299584899912414,2.099073185719713,8.825885803326122
2020teb,1435.7234662297135,201.13176317495152,59096.25284653911,2.240025787230801,16.134879210795408,0.1213037053094661,0.09371068339484334,0.9239719387171995,2677.1402634850747,14.780811356786103,59094.56096479918,4.4336939014913455,23.223375455914727,0.5629103439362906,12.855581435130311,0.4953303574297142
2020tfc,17183.540334076974,524.5008126671073,59108.97503508089,3.0547921978128256,7.534859983847587,0.7201617609126372,18.21659335658912,3.963127326062522,13982.842083280719,521.7708061273734,59121.25440369408,5.252025454580655,14.108592075230629,0.00018533486283867084,0.00042347400632274774,10.901261184123785
2020tip,28761.135868682606,-23185.531672322628,59093.17720900324,6.394590106714259,146.6327095915243,1.0,257.7296651468219,1.7818244123427107,5514.864044727459,-438.59811105218364,59115.14741277874,6.95881399530381,43.91928592570087,0.639208233898729,16.47934351953867,0.6858109625764957
2020tug,17493.13594758804,-1819.6068515207498,59118.53347965672,3.5541114185428744,140.04565855915146,0.8135088113028521,31.71980296384612,3.460100960862857,9328.150715471384,465.73650420068407,59117.46617397419,2.2593643225151445,23.29602621224178,7.468071472582771e-05,11.225687498403277,4.1355287271754415
2020ulz,38121.703853771156,-26586.17221839777,59102.54106042701,12.598068728329249,19942.6035116334,0.2567648507653093,45.32720687543096,1.1296471511648998,3221.208028999098,286.6766650130096,59126.12442765221,3.303036241309671,24.213505196616396,0.6849901600088357,23.257657414624095,0.8406111263537591
2020uwr,2854.9196705362738,712.4009357665084,59127.638812933095,2.3269013749369574,6.471422228322103,0.3631382810070025,14.117987002193635,0.38503388541396155,5413.430851144242,189.41146534597078,59132.92586942714,6.054477571183283,25.88782871319286,0.6562276278703885,14.780069481514396,1.463144643167458
2020uxz,521775.5726372351,16620.377538875662,59135.66017225935,2.483710988735846,15.599372260272446,0.8403242463221079,29.97220927119561,326.2969807521499,485949.34105228714,4117.869426153702,59135.33421384805,2.612406292383635,26.272305078476368,0.530428447144468,18.8889079836394,459.427614239164
2020vbj,6365.405087928773,-2528.174238546395,59151.146944757325,16.856390936044175,748.2641580552346,0.11569728803316703,1.3572414229672778,0.7450362407922236,3033.474378219714,402.33147582765355,59136.78317317051,6.80624839741511,5.33361758974138,0.732434891948988,16.337687938120794,0.5348459241231242
2020vbs,9662.293957469616,589.2700100039065,59131.61718000713,2.8578859071662803,6.4850142617915525,0.7765345254428198,22.54457211370244,2.380362691762366,6593.938240854878,707.9344931689534,59152.932196554226,10.378613237253795,10.660576142007473,0.0002819229755526287,0.0012857374708717241,12.6260495257225
2020wfg,3617.1705251782378,-372.10157690703045,59133.41548865399,5.2272972556129655,124.14195796016413,0.7656537381311479,32.03151630485628,0.7684267413308001,4707.669500077046,-1544.4675901192268,59131.11432215244,4.229198147784359,137.6459919017379,0.4568054638367969,33.984333106566886,1.3174259835114752
2020xqb,8745.432204875779,-932.8870058001276,59145.88378461999,4.195184277983237,1721926508849.0598,0.8125365692390072,41.14410173159398,3.696083360799837,15409.114476537872,-6895.4277732247665,59139.93615327699,7.1946419771699235,373.0184340739228,1.0,143.49518634718206,3.3202256306890088
2020yhn,13699.320550412589,-4093.4911185784013,59162.286152990855,10.095800782867638,18.407771937232962,0.19638073775711784,2.1115923149024134,0.18510388572933245,2634.992974626553,839.0882745577883,59150.47010479365,1.2860354500354434,211.86425120111042,1.0,37.49346909406375,1.9180409625212727
2020yza,5530.4073922680245,102.12071775796267,59158.946862651595,1.5207844764238307,31.582288192255533,0.8806291076949238,31.329817074075454,0.5521741287297268,6131.775111127862,400.42519888580887,59176.18876258829,7.89405000689914,17.199424337017145,0.3103078314308765,1.7528059022932885,0.8410475291195958
2020zbr,1320.6579758155674,612.4403348074,59159.24865660045,2.189673582943172,207.1341797849442,0.9629127789359944,32.59797836179033,2.604771512379104,2906.998248111492,-392.6370855488303,59157.658506239444,2.838010674706067,69.59348951628587,0.5431732795421762,30.64770909511468,0.7101397467073219
2020zfn,74287.36610670974,-68628.08259033712,59141.44836133432,7.456479945179893,77.77656599976994,1.0,750.3733667089244,0.5131686147074451,3352.872040416144,879.2251520456734,59168.975804653746,1.9166037598255312,12.621866652817298,0.30973627757448874,14.001946214814641,1.3614044112325185
2020zgc,10330.68473156941,-2115.162627159435,59164.3115427217,3.4886977585440038,482.38451280384845,0.7126758072491506,26.916194992252507,0.9992963541619146,8738.927302879041,140.05731899422744,59170.18034511783,5.1052582914292595,28.15740335340089,0.712948279305851,13.315547271057163,3.0241964918706157
2020zhh,31328.400097453003,1072.7212767454384,59171.002424317005,2.669618303417438,11.115762981877893,0.8121181120158838,25.22644625891346,8.262455956852614,25589.60574252051,349.98023561786613,59169.09571493691,2.449065285510576,28.717098063817552,0.7795405498291437,42.423869731912994,26.212402328514372
2020zj,31086.79796699219,458.10639482724173,58863.10348858483,2.230265533937573,11.759368114230236,0.778319910131769,20.537178051732198,6.32260982806917,25052.4584119116,450.1067057156579,58878.56242573117,6.498345116215215,18.354685460002976,0.3568213088766481,1.452714532180526,5.58906134745632
2020zjo,5076.569664811426,-607.5495478483738,59169.973742563976,3.9721182183522266,82.86610801922885,0.7329026730635615,27.009964559004565,0.38966073804253115,2391.1770072403906,279.1804025931592,59168.660769529975,1.9479151969145214,21.890159721833047,8.363992877402637e-06,12.409776332345507,1.1337833068020133
2020zmi,62277.7986593698,505.1772072472613,59172.559225524645,2.609113749365526,36.551905272022935,5.407495712206334e-05,11.569972892365206,8.55076821752489,64983.47910117893,-696.4985515296576,59172.74115345361,2.808528598718823,42.36927634134638,4.394293901754942e-05,11.351647813716012,56.40793142166713
2020zpi,18406.43065501995,-1059.3214017474147,59173.425648209355,3.061607055611931,148.80408747162897,0.8724087922739201,32.78170587336328,4.061212412199477,21414.372722513683,-999.4462272688925,59174.7917024919,3.585170597167534,41.259367798805435,0.6137114715642464,21.27858830687904,6.47073653546711
2020zyy,5598.769543714899,345.70796252207083,59170.11833028895,2.0987370571742168,14.125950474186142,2.426307366132363e-07,14.704279706644984,0.9225063756383082,11837.002346023883,-1990.2847728095344,59172.41837021539,5.105259399880742,89.0240511109154,0.5913226351905472,22.658598663946016,1.3972439499721145
2021J,1035116.0486561192,-3062.5703880356596,59223.93965318819,2.028619331694473,80.76430966648165,0.888905416397503,35.39705754667634,443.0429109091555,1103049.9777917373,14271.088253794063,59223.90885375039,2.1199061660432807,22.056094368872817,0.5218501419207968,28.4213650698571,915.688263352857
2021abam,3635.9600761864203,1249.7432477108036,59502.89099552823,2.3883877467506487,0.04960196636124798,0.896416251268473,20.238346459701884,2.0726442502535427,51638.28343577073,-28409.401687772253,59490.832228122665,11.72701575064632,180.94583117429545,0.34659940299126024,29.185608474678784,1.0243315289863801
2021abbl,3179.6766609253104,720.0115164061463,59499.01698347099,5.16959322767518,146191.03008069654,1.0,26.432463671524456,0.048148744723341345,8125.463854476095,-2663.3303122754,59496.09316292183,8.6688698878709,106.39392421865759,0.4941902889709928,26.743295345491212,1.6155042364171477
2021acgu,1886.2388657299643,331.49382182591455,59508.9435472667,3.3149153733486743,654.1733659571568,0.7644518704701175,22.027715749131218,0.9616163181460063,843.2976450499457,777.2899736260824,59526.26848688022,10.073847641227328,3.7859921548304607,0.803522342595526,4.027871660322813,1.8543618421158188
2021actw,2349.2455382370003,1955.8625437814117,59520.485338343075,1.768016235499813,0.16444521616096489,0.689327669975146,17.424609672341692,1.247243792502776,5169.828035769263,-149.05444015315925,59518.59452623295,3.4686834293422315,5.822231166318223,0.3930402438840126,22.14416981418914,1.7540985378033571
2021agu,11967.784127979327,394.36023633601303,59234.33278612806,1.7319548763861041,12.83267261091252,0.8472862639513994,28.38198051083304,1.2758216217425205,10536.143088232435,165.37850409218845,59234.34458688646,1.9988317660855612,26.607966184717085,0.5454317054806579,20.078168488809602,2.0505539813879397
2021arl,6215.851840358317,246.89010183661162,59251.7879761876,7.629246015036353,7.15485763834817,0.00010241661610432828,0.00326689219522795,0.31561107752091905,8714.525598115177,195.31013704139264,59242.138451109495,3.4725622585224887,24.331497788159396,0.5629058119544228,8.261749067562134,2.883535939569253
2021at,1960.5910117681651,207.3068712835136,59216.331829840965,1.7794516948666812,9.656467139581695,0.1327198841127497,15.599525582104446,0.6153495907318741,4375.828983205577,-587.4051069760462,59217.44279107962,5.8681081844103655,55.248222076487565,0.6084375899832073,34.38722397472643,0.8599378111894624
2021bbz,76138.52446383357,1397.5097512612283,59245.531891979605,2.732462220354444,30.510881495260303,0.9112214722798968,27.33011628987253,18.62913619490063,100155.4849713752,684.6588936394855,59254.1218476219,7.437028110934204,23.272743848037383,0.5875528844229763,7.3610873908216625,31.781150124427622
2021bmb,12049.236898842704,278.24852331688635,59249.0601820424,1.4521015346217463,29.922008861896646,0.9076680666882675,33.363054157131145,2.2482193871416953,15125.047869333881,330.32631201155937,59242.863402591975,15.22037692524183,20.238454096942288,1.2508194404681205e-06,13.574200480660227,9.162662935208386
2021bmt,3777.9682513738126,1785.9639007177248,59251.13495673402,3.9808120381678362,51.70397854339784,1.0,13.700322097722902,0.8112397618780199,3264.1032071072145,1633.1483363152315,59249.84291430585,3.3527377345391045,5.970299381723535,0.5321347123395119,12.344128827113993,0.914979344414151
2021bpq,2783.609049631882,338.60405788531716,59250.38597165185,3.4331070998536006,8.061782424454394,0.4412722622289593,20.13189175526249,0.3633667073832553,2221.222425898331,428.07964869675493,59250.17096435465,2.684606855114018,16.686635340638723,0.1477031109323177,20.90551314108508,1.2988686348892864
2021bsf,44386.50523314692,503.45122976038147,59251.91865539992,2.750174991554781,29.95159575754436,0.9198667627426573,23.429552433196662,5.31651536599587,40023.181287626256,447.7951811782441,59251.78531641696,2.914772474123244,20.119850803923157,0.5584509055242692,14.575677329253597,11.719681929971145
2021bsr,3860.844441628588,333.34135644547746,59249.73017317881,3.2473290182957886,429.4666185930297,1.0,33.92232200350004,2.3077540951992894,3954.5425093983736,315.38314523656595,59249.74867176166,3.153197080557644,20.742442235982665,0.31401863746656145,20.94983361381912,1.6863940702332636
2021cca,3755.2896413079775,284.81880488549564,59253.96137520893,2.8836004781953,8.886909516716367,0.4632241329588993,21.44500448164569,1.797868240534868,6303.0065042025135,-98.31606434590367,59267.962258948064,6.82446636784609,32.38848751450572,0.5953381370156383,6.685898571409379,1.6585813492969612
2021ccl,3624.4756548992455,1219.978457264525,59256.94986590672,2.889526586832455,27.471347917867266,1.0,21.91774200473635,2.5525876628424173,5789.0164212513055,290.0962266788547,59263.116323467926,4.867917990965979,16.623328543674226,0.28558916019885383,2.2432194997862474,1.2103645174628694
2021cta,3458.8894280493846,229.39972932564888,59261.74929000546,2.9063862400816807,10.660967104970078,2.9678686261247478e-05,10.927919386883572,1.3704122229821303,3290.5950018084295,286.2096969950751,59262.20760901351,2.4425481843896306,69.5417923466834,0.9169945588460127,49.06620596157769,1.2252817338052053
2021dcu,15101.800186461836,-576.4757340167075,59263.53444037494,2.72871994856489,238.50657626868357,0.9118537128935587,29.929879518653287,4.20720767274889,10212.40581536828,410.0064100305999,59262.40913891458,1.9755286349622574,18.42384934711308,2.8659333890734828e-05,10.004135531753272,6.229698403907654
2021dda,5906.307037776461,61.60882409631972,59263.63656393632,3.243665548673377,17.752127991042574,0.8284008664013383,28.577455019339443,0.6107905154237349,5070.7539409396795,36.179064282568106,59262.801897084195,3.33536823805855,40.760442745625454,0.8216219639554889,50.06520570696635,1.8052584072195905
2021dha,3387.335779077503,274.9366730618749,59272.879388532616,3.7422807159080125,9.489076482032964,0.000295781955804042,0.0006179758134517134,0.25115415991045575,3859.4057232560885,-117.5744076958531,59264.934175764836,3.3781311030706584,72.35556423527952,0.765412673496084,39.015643012205146,0.3322178790479174
2021dnm,9380.465163003068,424.6322895083483,59270.77634444096,1.965958696695908,10.47573964927716,1.1210824808038922e-05,15.588836224858596,1.735871301411175,10468.413817818277,7.968551843252953,59270.57854863883,2.1762358312407075,34.609933163760765,0.7885043281831992,52.38438938474299,5.584023405905613
2021dov,98295.66900514769,5615.027568639256,59273.806263443286,1.4248669993033396,11.5273760460853,4.684518224373768e-05,18.144106017948175,129.9088224403767,98478.44990896746,330.70126060416806,59272.94565420206,2.118712576436272,27.614926204651024,9.483262381349e-05,18.010176194318706,290.7008250128232
2021dqo,5759.32832909529,-37.95269465629099,59270.29732203614,2.6155793658937427,22.05698823712253,0.8288157851636879,30.693361574425072,0.9593210586130256,8086.7194776432625,-1704.9912369760034,59269.58024726913,5.055305051524343,79.13823988602995,0.5058258247548832,24.654612140991755,1.0761312789310435
2021fnt,22856.874971248228,265.8523982697194,59267.03986788502,28.60080678990048,7.051166809399975,0.8735038766731731,29.06547188667891,1.180601606058502,7696.588641446876,246.53748312384778,59288.95155063262,2.0626086154925396,13.230762303832897,0.7728730097978269,19.56675133231468,0.505091455673447
2021fom,9780.155575100545,-225.3876201678861,59264.607140748085,14.139507929404681,13.47285734952295,0.6924571620268649,28.68790876310446,0.9710676532085053,46355.41495537272,-2638.4837851464777,59040.03620702827,10508.512956758368,335.94723514843776,0.8606990627489253,278.6685668569348,1.4420409905283538
2021foz,3954.656834204773,328.7473584599504,59303.6488678358,6.954371647534655,4.952902579471995,0.06699395490800297,0.34958916152275415,1.1109633174267672,4768.222474865862,-1184.8866649595823,59288.77135286677,2.4511100910121524,119.34960010552633,0.600739728204202,38.25990898868608,1.225001636150895
2021fwm,6680.486940624477,264.51588392707754,59294.920961727534,4.5158202246596595,10.22585021394896,0.5173977518368977,17.75989330691625,0.8038140739557962,9554.472732052709,-1272.8047857471515,59297.7101431797,7.226618995135095,63.0158689219046,0.6115448336568936,21.50083466750649,2.7267905340524217
2021gba,2576.9308466557673,460.34143501412416,59294.06420707029,3.8979385293227664,6.191472435099721,0.9316831852353105,25.35077805369212,0.8530752573481936,3647.0552642420025,-570.4900610106031,59244.55325443833,22.85607820527567,41.03123337194182,0.24175006264611376,62.866948998689885,0.9040787175389253
2021gez,6693.310095835685,298.0552341383268,59296.91320685091,2.9039340949733825,9.107071289647829,0.8214540691963068,24.09609282127287,1.5984551889292729,7315.705735551157,345.54113907038527,59313.162819220546,7.814255967788038,15.470553056184718,0.00026486837495443005,0.0008069813514294266,2.0179469452148475
2021gqc,8052.9280415250605,447.4873515548693,59295.829200682696,1.7534041514212884,8.712402036921997,0.2672266520036779,13.57463072976378,2.0012143235565136,7544.175604823041,554.9085281623315,59295.74400116218,1.9368171930914742,19.263051492456253,2.842313679307651e-06,11.281819408814398,2.253640060007425
2021gwa,4443.5528639895,226.52693180636334,59298.032270625525,3.268532930166637,7.017616393539424,0.7270003595107803,18.68934201614869,1.5035688512717647,3422.6356895768295,385.3474808619553,59296.71599480639,2.806933250688303,6.663455874234011,0.9485350874102723,48.90601722093848,0.779825194871898
2021gyh,3530.5365260446433,-868.1179441311222,59310.510000691625,5.884399353400113,293042.7272764215,3.060870934490367e-08,6.354671999542765e-08,1.7211610978215917,6592.643096643168,-997.8883522938095,59299.81763145502,5.515383183722622,41.47799580417072,0.5263884563880457,12.60902585039274,1.5205603989767174
2021hca,1937.245925712709,355.7238182559138,59304.071235219664,1.2385303178520075,34376.812311309935,1.0,27.301851395858563,1.2973851759306765,2493.7086206737226,232.81126577149735,59303.15184317462,5.605537445032617,20.144905886328186,0.7562128365277956,21.960249754778804,0.5035641546470715
2021hem,44908.007237781676,583.0429628743741,59309.13936779185,2.844424747578805,42.51988992463042,0.9042731955901346,33.030920207095065,10.80418475843917,58766.6467707866,676.3341384652012,59312.297806940885,3.60096524448562,25.638787064072222,0.4363897563880743,7.080556402343865,24.211341066073707
2021hiz,693940.1457636451,-12890.959368649696,59312.675102316185,2.7332108026983604,44.308955123119645,0.8715831201295252,31.767694538823104,1191.592754974049,585095.5208398879,3440.6019341470674,59311.534059128746,2.3731358062095387,28.45617184686138,0.7803999814836446,39.16944965430648,2192.061325843172
2021hlp,5530.910990937163,-823.108472339863,59303.20703300876,1.8820663602846643,21.777158862704123,0.41899023572531835,13.003966836155318,2.5867103540540746,3550.939094617021,436.09272680690356,59302.70528483574,1.1805329218175427,2.9586846298668146,0.7826542877780489,43.48705790546126,3.4079088554278014
2021hol,5283.534337099656,212.0133866626138,59304.06028413579,3.3695645995905004,9.270093490868167,0.7495117993767677,21.304322029667684,0.9543822263620093,3370.67755389989,-12.996023449219138,59300.58204555238,2.5567727726409837,26.135582631139716,0.029338727442645762,14.153078118301238,1.3680840685284634
2021hpr,314387.37275890517,-20221.980429380725,59314.693345727,3.0376443983232124,265.82642206892984,0.8660613247474203,33.51074244607885,232.60050283366564,200067.2281934973,592.7736371334759,59312.814585411856,2.195926972314811,25.78862339051443,3.548780357820469e-05,12.659110381350946,465.57657888399655
2021idh,3486.9896646007337,99.6870909946108,59311.33806236399,3.6516614530338907,11.869016107893895,0.59972363117289,11.393554224170119,3.2814218932961365,2040.6781990871398,520.2433889246996,59311.03309150564,2.694920986349311,397.34834895533197,1.0,37.002980158319644,1.1384186304570407
2021iok,1265.1786903741909,555.756435738669,59313.74055012637,2.8397219381989887,63.803971910893935,1.0,20.92018948377871,0.8166259512342,1719.1587184118969,287.74541686120494,59314.20564986477,5.2388180315642,13.841889556438021,2.268053468257314e-05,3.015187027584761,1.5180881139802769
2021ita,1283.4988617673541,244.73489063818363,59312.55896808307,3.2543627998594116,124.25765708480552,1.0,26.802886407841015,1.5178062753896728,847.9211126468701,394.16063613701283,59313.88308523086,3.512661902120359,8.108675389378497,0.06697804514023287,11.395412246418873,1.0275793705643375
2021itd,5242.351144169525,247.19813540543055,59316.06543030991,2.2210292577977664,9.89847105014737,0.15100026214467932,16.482460250865117,1.5359124519921414,4575.255547638161,423.8535061498885,59316.656060064284,2.489297105525379,16.210830558419982,0.6985301960018104,37.56491640338526,2.1299503299298297
2021jkd,3333.5733842549107,-310.301149785304,59316.843173257395,2.858064376460105,101.59124551883654,0.7911691653400497,23.726219977617713,0.4231356885247352,8094.906311801604,-1986.0938138358524,59322.00176614331,7.530146299134357,37.918846535034184,0.5037139728064317,12.352826782787579,1.239805767322966
2021jof,3168.2172540646798,201.97252443170828,59321.19830632396,2.8415391378455004,11.249239228508651,0.3393569615088865,18.337917435445572,1.2940754383322997,3097.4711309880263,211.42425796905422,59321.57210442011,2.932163120483064,21.531949571018952,0.22933947050143688,17.760118733783816,1.4518982813305998
2021kbj,1655.0558645209771,547.7718108246355,59328.230606805155,2.756937809813455,155.0606312361253,1.0,24.08158870168314,2.5082581468552174,2060.0969126903133,281.6843621477983,59326.60382054612,3.0558822699736594,17.60382261886027,0.7475238047644879,27.80821117737451,1.156638388058799
2021kfy,2073.5539320576922,-717.4910232583113,59317.279157570905,2.8613194637688157,29.656534081771397,0.06109093375838781,17.97099693557977,0.7620601555962349,3128.782729941645,-970.013531718227,59320.24183881671,3.582576910581107,83.46849706919369,0.4090677070665574,22.05854689773042,0.9030475909108463
2021khl,10769.811184767927,-2057.1408310897896,59328.44937896027,5.279883298299863,19.383440474203738,0.49904458835183685,8.500893624622051,3.078792476326686,3692.04678680046,379.01054054820725,59323.254102971456,1.6524466001839933,17.143870015219406,2.0869091208020052e-05,14.59844322783648,4.5041731096409645
2021kyp,4129.787825948797,20.68777560340868,59339.26667400303,6.156380057601496,15.818635158705883,0.7631517146068549,16.94728966772138,1.3200342722176048,4117.374434415703,-119.53380451584098,59339.19387468955,5.6938862440102005,30.156960469978404,0.5539973109336103,12.775359755578972,0.5864235753852055
2021ljb,5592.529556942424,-1687.7883990155324,59340.39421772431,4.905736292472855,42.51888733082865,0.4002878323482235,13.784816329128018,1.1621913759034084,1297.504987323215,821.2655774891209,59345.540793700275,1.34532258433884,2852209255514.021,0.9071357668124513,21.872646754835205,0.9556683354863622
2021log,2482.9273255843123,220.8078870814577,59344.78417249464,4.808376876042778,97.64699777025893,1.0,26.591287073760967,0.6161484622671554,1227.6265753113576,481.75290194313527,59342.24297113915,1.6027795115857078,0.09224863433246343,0.6803743949471028,24.04804631352343,0.4167963891147209
2021low,53093.812158774366,147.29984893049186,59346.64410442641,1.925692099443208,13.966394225304043,2.7035294236199547e-05,17.136409944627115,75.88494591808691,52430.040702730075,-396.8466500265422,59346.573283808204,1.952467269340114,22.992523990578167,3.1896692076038846e-05,13.95439859713954,275.2461909640042
2021lta,6521.213146311782,-1483.1259736165866,59344.43915336807,5.216744228158691,87.83621752877225,0.6342299672046618,27.97713055048776,0.6043288348887886,3081.582083854085,249.7206653742196,59345.79177028932,3.2064192126680706,16.361482799286307,0.6701752855882994,33.24887881088896,1.672022776507302
2021luu,2956.2878389233333,251.2337443634549,59343.10857117117,2.9437776146702426,9.965720258683508,0.30190385666718234,18.20727672628963,0.6951776407593303,3236.366902082975,138.54195067467754,59344.03783464724,3.552911591607148,26.64638387215901,0.2262564492441237,15.927487558290837,1.1052484789620178
2021lzc,1416.9410106282648,661.0323671925423,59352.250078510006,2.89465027776817,237.3891662239484,1.0,17.995062959643736,2.4085699951772606,4690.098636460576,-1770.0175486479948,59342.55530336954,5.837024369087201,120.06085509100004,0.41970833115132633,31.63288904549295,1.3394771519744413
2021mfy,3778.436187023438,214.55175898916605,59351.65356484993,1.9460523362674629,5.667337411816672,0.4853436636538935,18.47550268431309,0.6033619798966321,8974.0039950092,-2568.8694165730976,59352.254841997674,6.346386800516035,277.7410919628328,0.5157309180539762,21.149232288877524,0.26218664434344296
2021mim,12649.326028274476,430.5436797899629,59356.955563819,2.5239724942694752,9.464593771512297,0.8181829279860355,17.74561054999927,2.403721895201223,11187.081700903096,409.3626533375782,59355.484550949186,2.2388989224765083,21.572479039688254,0.8276250450198963,34.606592003817234,5.865373239637728
2021mqf,72169.17042665316,-42536.83402871802,59325.71711725921,29.315221355581645,97.75477352102732,0.16298607536721121,33.714223867267116,0.5488743380642072,2594.531341966366,328.8675575762061,59350.90978749863,3.025497599183046,10.911524504162529,2.041955552423147e-06,15.655396625322851,5.421508913707691
2021mwb,15853.860391139584,572.4181903212243,59360.36683880422,1.9208926228001655,11.365263366129515,0.13475490473276786,15.184880487428156,9.162702577025296,13775.561031703017,84.55207943360256,59359.75727550497,2.3807327886936807,28.73516048047867,2.2417527577589524e-05,12.693027813087829,15.0908079181583
2021nlj,1265.367999096297,2529.44214762175,59363.81840886645,1.2953285897077682,6.312565440227716,0.1041209250382007,7.372946166044183,4.3892159323131805,4822.615808674388,76.50764002567075,59363.31954995039,3.7056510173243207,215.44205683931014,0.6624274619790849,24.583257425248547,2.242224195288163
2021nsh,5695.853478857149,-2900.597921579926,59353.32084074344,6.3595766717690445,37833.420290905284,0.5810519647442562,46.786373444745564,1.1887049308739934,1657.9449733333067,314.3112393233296,59362.471756711006,3.1406000190283017,16.96072777598034,0.20279138819056475,14.949477837923121,1.1330437597681517
2021nsi,5575.0749615095565,-2615.870629134257,59354.056393229606,5.332479602951208,3470.750442180199,0.44240112297458434,28.2553645304548,0.38273273729159657,1136.8659010899776,414.9494515791047,59361.13525260161,1.3576075961626186,7791370091184.995,1.0,39.74820820410325,0.8833310736662736
2021nyt,5479.482766845263,260.48238188510663,59369.03591884578,2.4005047648149898,8.588907128575046,0.20105649596957575,11.795935135884951,1.278510077282219,5662.576009034072,109.77059298045424,59369.15322889317,2.7359531683467564,23.08558147468643,0.12796868238107684,11.254964481727075,1.5447896632823837
2021oal,3693.7491877395373,337.49825686688587,59366.53162907752,2.6463806882658916,4.341394865633465,0.6406553360303415,24.89764058259695,0.8619895433340908,6443.888239978651,-1308.5965205142188,59366.072958512574,4.744038927233503,59.51874471530864,0.4942671337809801,21.98433304152061,1.9019466214930412
2021oez,18088.154806689276,706.4868901666946,59371.06356870717,1.416323160663393,7.286675947300545,0.5307381792489716,18.91000533794174,3.1833018328173397,14298.463906640767,-385.4497637794457,59370.61220793628,2.5707826363681314,24.86691934008362,1.1243493600376908e-05,8.792367190792614,11.936985729625041
2021ofq,4992.8774893302625,-887.3965578039345,59371.150454032766,5.795883037953138,57.97529805275798,0.6687271608624268,27.235028409474705,0.9053061550577103,2869.697051378162,-166.50890969978695,59371.48245743922,6.214149495076766,26.328614336855175,0.00346204042159326,9.721849639729665,1.0132441651362796
2021ojn,6753.931144676601,-146.94377874519068,59373.77558763292,3.231814163494586,23.217065749517747,0.7744863131248594,28.953449521060552,0.7033146628354559,6991.836814542561,-353.0049519753825,59374.610515436194,3.8242889451706197,40.682175600767124,0.5206731662172008,20.808371774700742,1.5327469614512443
2021orm,4095.041510653287,-238.32918152149637,59369.48630702319,3.0491432596369017,12.163522288196832,7.459231629036722e-06,10.27762184257016,1.6161469901009926,6456.922756237405,-599.7411040945763,59371.009257873215,4.202679740803737,32.44257186201111,0.4735207426192578,17.60412451968525,1.63368856956426
2021pbf,7594.130794417178,250.02627703624648,59383.37743975383,3.1683119060152163,10.497626168510465,0.16569043619425972,0.3407154426415975,0.1765270756477998,30273.88973156602,-12715.06673724123,59373.69122248188,13.190143455312302,136.50996666486236,0.43106832974297093,25.901947488894464,1.404560039270057
2021pby,19595.60817036393,543.7572236678029,59378.3814526741,2.1954396318089118,12.30470662497375,0.8352474382500101,21.888681908938427,7.092811456571922,13714.337302987577,273.8607918471889,59376.320819266206,2.011422095697491,20.237726184554536,4.8052609211701736e-06,10.199441574948388,7.078840964697382
2021pci,5676.490300107242,-357.9808929311448,59375.44092642631,3.594499435783477,42.475759483275475,0.7639795296495262,25.22568201537089,1.6035020468384988,4035.2154338142764,298.0638459852689,59374.01554006827,2.5211191033877864,23.541052850655735,0.3285267683200199,16.279222384422617,2.816433484021167
2021pde,4842.449887931771,204.88461333235773,59375.21204752784,2.1341431640487536,8.628367742844393,0.09031473403249546,13.221094421484773,2.5220816672110296,6203.30592053702,164.99386900333775,59375.02484081226,2.8231065790007634,25.19987591216178,0.051577782300376684,12.339759671391421,4.446047778323363
2021pfs,262939.23876598105,-7787.728109234842,59383.303715508846,2.6237516535714795,14.034677997231713,0.1807745606069655,13.816575720121845,70.11242487041251,226860.47058296078,675.0758697592828,59233.62238336924,130.84207338473593,25.151280777640693,1.547976897331438e-05,161.55062193085536,3067.0468584064515
2021pl,6822.265590316386,-68.21335450903507,59216.54962723755,4.360903351360842,11.488838368702798,0.3892287311968361,10.908999972384017,6.621629390755298,4514.016956294604,175.89475304823623,59205.982959623616,11.785517217731323,19.504787763990194,1.8916329653784203e-06,16.565390980063384,1.3937802484829678
2021qve,27048.245060991467,-3091.660166029862,59394.85522396544,4.002529261122238,13.049008919551756,0.34276639883899884,7.981509620234254,2.1623944489194042,17820.593326844384,410.1564460965865,59393.27966787869,2.5404080542716905,79.33683717314399,0.9215735862861183,32.00059486498085,25.522299549231132
2021qxq,2762.4220055631354,352.9960003381193,59391.61252722782,2.780062605060845,8.403186750776102,0.3347416449136533,16.276426407631863,0.8652460301832829,3547.4454143081784,205.85742162770725,59395.97371787749,2.592286652558876,28.832206857158234,0.0003099250894866845,0.0007723673367197096,1.202767954234655
2021qxu,12539.396758043105,364.08495167263663,59397.42101615679,4.246498597217822,9.298167662851647,0.6334442643597828,16.06642198154664,1.9030183360166586,16949.680285167167,206.1875137828547,59398.57874883065,4.813469873540535,23.622041164552204,0.5643309554380398,15.881654003708654,3.9673540909401455
2021rdf,2992.1337888824946,398.60629788726715,59396.74835594845,4.178488318009849,4.954364041450443,0.9459720061872718,30.620279339287613,0.31022398684304014,3575.5461523309145,33.446457879087575,59397.650457156145,5.538112399785411,31.9048361473074,0.6586566432823358,26.74173263827667,1.122729288588341
2021rhu,1461030.4156862078,11502.603343570081,59404.675345610376,2.144762893647337,36.23369625965059,0.920968840682483,26.665349876585502,352.9405027704078,1336269.253357561,7974.557642198546,59403.221533954675,1.9900437368302537,24.80753639357246,0.8085399003052458,34.78919229733082,779.9899361183584
2021ryz,38313.05278987979,-732.9710221106834,59406.397148306045,2.9795067443692047,12.892995179698328,0.3717048864758108,18.36430479134937,9.232523845499145,37246.84839949111,-723.6665087308065,59405.309181612756,3.1282578707369315,27.999161991790015,2.9960072885693023e-05,10.110530119827011,48.911086659455115
2021sbc,2917.4494683781227,300.1642633880533,59402.36152548757,3.1154570188575343,6.51333098193761,0.6296424949019273,23.989206736698506,1.0561500216259396,5286.154285908363,-705.6678961222146,59405.64663032029,6.886032775317405,58.88501425043613,0.6023091528659767,22.73311370248831,1.083509429101682
2021sun,14802.25621596159,508.702058820144,59409.129062082546,2.2190620339581155,8.732477610181794,0.25836781522485164,8.291897208306843,2.846652821372838,22989.238905987582,314.4738423160379,59405.42326150789,116.66837505884888,20.846567593489894,0.7788016564736226,39.04097351780711,8.358931981070155
2021sve,6691.128373648924,359.97375874106547,59407.33824589003,2.266202810594299,7.543591627831627,2.431353263609992e-06,10.749320454424845,3.336156080277781,7281.271237136022,85.85238612396279,59407.721765224625,2.1724787891790247,22.704725471091063,0.7728398626813444,31.50543921129591,1.8538197778148797
2021tks,4974.629041003559,229.6421794734938,59414.29425660865,4.715227566434298,9.981378425827039,0.03213960230507662,7.8547944369475,0.8394605096561046,8600.403121216776,-269.846536838319,59416.44022710675,4.159499314459992,28.877000260716382,0.5598325218756395,12.15610359228817,1.9362527310863127
2021tol,13333.349310271562,528.814153577101,59412.65603935346,0.5104824107411321,7.362100952550694,0.45763675544357474,14.80336208280717,3.6225880870658242,11627.712241674428,688.0521363495222,59412.69241932829,1.6466810734273594,11.803067733224125,0.5468363097166569,23.770901238961162,1.9638803873305315
2021tsj,4732.705972538287,-83.1388549516355,59414.63005951974,2.638031275014368,42.80198004733531,0.7783545311446665,21.563884536918916,0.7710894396713165,3938.7767188117537,490.3940000051447,59411.22061033689,0.003931912665305712,138363622564.4704,0.9470434391210023,46.03489151828882,2.2840337189422053
2021tup,1465.3155088274816,433.4240732370549,59410.36276558481,2.430404810866569,2.255713699423155,0.5575333999990215,22.378885269639973,1.6674107951256711,5960.69457213414,-1451.3310338935203,59414.161161901255,8.651037600482734,99.81890961605022,0.5838384941922745,19.36583623533012,0.8880185606061229
2021uhl,4709.577907564025,246.07448745859756,59431.493206971296,2.8691433569259583,9.053406963386097,0.0013706139507028148,0.0017460537981706403,0.9255433253229745,6438.898262853235,182.29827436282108,59425.97498151848,2.4040075540225696,21.093611517615514,0.3760567420195573,2.653864172547005,1.6614405585221108
2021ukp,80410.72173907263,-77022.74229950475,59410.099361054614,3.729645240585699,48.29818687918147,1.0,1285.6304682503448,0.9420297242765605,9875.836118103834,-3976.5258310803133,59450.30516014178,51.62336775874111,84.47520263603317,0.04554044686433878,2.0373053567533903,0.3400335752904818
2021uou,2844.7440290299796,80.06842362221869,59445.026133759035,11.261616247545355,11.758567998130003,0.008605292648305563,0.05337184387776599,0.4925617933362751,2340.7500500061874,243.06555103755693,59415.75597293319,9.161994869812128,26.871150928565285,0.2832356217835892,28.710102270246523,0.7465504082169301
2021us,5216.257114421036,52.862629106785334,59226.73418418801,3.389454823930827,11.465980442353656,0.00018355162831551475,3.028681812315899,0.8693838038613239,3196.151755240855,296.6113477429474,59243.111162976806,5.095726536502404,16.092923450406566,0.009481718375410342,0.011372179674947448,1.4567165167516685
2021uyq,3777.1230634408907,26.788374502293664,59432.296407927955,2.8238279886940747,9.113961958990338,0.9018972514605712,23.379781239732257,1.166495592478683,3118.954921519922,388.4113272362737,59432.941279693165,3.067889714370623,13.424556083760876,0.8656862163099068,30.347637013623018,2.977090969677839
2021vaw,3332.115234358142,207.0834271842159,59433.50692143447,2.407148739307013,8.655535677374584,0.4196575385287282,17.568272030537088,0.32230971150251586,2795.702239931974,229.3019640856876,59433.088256998264,3.374809830365207,20.278424338847667,1.3453586766853931e-05,11.284670247033906,0.9047426598874382
2021vcz,6878.534962625809,-1824.0384373402085,59431.496679630094,5.688488060142493,46.31594706833604,0.5984654629433619,27.847369974952706,2.485729388052277,4233.443732752923,-415.0967268490897,59432.93740901533,4.056317041619206,48.09384726290748,0.5813697771866846,27.415555479666413,0.5983105892534548
2021vku,9092.622042560015,-4457.570092922043,59432.04912677186,5.531657412751899,140.712344523433,0.43882461541273576,27.956366159294458,0.7053356886077582,4774.076649748273,-735.7359411251846,59438.57686811485,4.8855368468445715,40.308558730353724,0.5344986684455983,19.1098625258604,0.41340949686571005
2021vri,5856.042444504862,52.49988583157506,59438.51526052021,4.7329263288950365,14.390162421636512,0.6508721668510768,10.14343894011938,0.17502820978624561,3785.7707012974965,65.37102684549131,59434.39893117515,3.663508256588493,30.318121556050645,0.5517448418623407,22.933331947488117,1.8338276792300905
2021vtq,93993.09629850135,3831.179887609873,59448.33031263303,2.421827223169932,10.41534531033582,0.5456470952952783,20.543273203935055,27.235420390411,103092.41658542154,-3100.2846770644755,59448.741853875435,3.70302024073115,36.586414622503185,0.5759926739651455,20.048486887117793,37.95276117155627
2021vwx,3188.6450647295105,811.1695002469955,59458.08924500587,36.99676021003541,11.502632746959376,0.9605033629897983,65.26733998756004,2.289776074182092,7479.68887649281,-79.82704025820249,59044.681687116514,15.372908034121682,32.27265654211712,0.16778139499682254,437.5380272955992,1.5624915361846703
2021vym,6726.137381185173,270.8785311862566,59441.82878286256,3.31820873439286,5.857680451599259,0.7350454511303526,16.24801118565063,1.6406400271001162,5838.7204560631035,199.38283351366135,59441.416058809555,4.591315103305186,28.55875721558127,0.7658897809793053,30.44120445458584,0.9348763693290452
2021wfn,2266.206246668036,345.776199787374,59441.90956966227,1.7175605724828478,6.33233431887814,0.15663306959157763,11.845691142803046,0.228659363802249,3146.3487222138356,119.63143070970796,59442.679271704765,2.388817024870537,17.165747865182084,0.3028024798540616,12.598827044434108,2.1935073571627153
2021wue,6039.808220857678,286.6964346025916,59449.94385778094,2.9138628509933624,10.906147059571175,0.4008861679401263,17.72008865847992,1.0891429590761017,4535.525052176019,111.10030820634165,59447.86553151471,2.581243594862096,26.624369450577213,0.05433685369434049,16.247064019715115,0.8440984299526177
2021xjh,519.1272739374463,320.3806052516687,59467.20011870849,2.9685873461084107,11.648718079319973,0.6235027051257729,2.847938285628658,0.08491919469898332,497.18441591636605,210.22908524741962,59454.29694070759,3.6283570895497816,31.231476625453706,1.9951992302758015e-05,8.441260091309886,1.088727808510209
2021xkm,18958.37403612958,-943.4162189353674,59465.4430689414,2.8812526338467794,66.07274778854746,0.8611412734364245,25.479873776906775,0.6154172932043236,15363.598700720568,-522.9712512456117,59464.70860783436,2.8086417014699028,33.823828404285344,0.7161363719300906,29.70731917368368,2.086838778023054
2021yab,880.3830908814587,747.5412693436381,59460.40953577803,0.12796093711803339,3.2403517100945165,0.1460371400235816,8.0151954007214,1.7425098301412718,1929.2533490013989,357.82623503812135,59459.70436635607,2.4608852747899657,255.02130993645164,1.0,38.85819732298177,1.2990944985082662
2021zep,3317.334774381126,255.3183697445711,59477.57886875879,2.5809704200500883,9.300735456390239,6.847635622309056e-06,16.84875387662933,0.93296200413493,5869.283939399729,276.1037977346805,59483.04377147654,4.27769266561313,23.760106078141625,0.36646457007677014,5.938197492000458,0.19808802183444926
2021zqa,3226.5224976163963,-514.2832000857516,59484.05736797515,5.888694355993775,14.01790542847191,0.002524869302565458,0.010497259781633827,0.0446027240248609,6863.261985118326,-2722.928076526446,59493.73141182067,14.078579686280152,41.86260089790672,0.07264556722395832,0.8281317714491407,0.5625351391126867
