filename,redshift,MWEBV,type,host_photo_z
2019uwl,,0.016,,0.0205319352349477
2019unp,,0.013,,0.109189365102961
2019ppi,0.052,0.021,SN II,0.0991735950001533
2019wcb,,0.044,,0.104522569425447
2019wca,,0.03,,
2019zie,,0.034,,0.238332862369058
2019vuz,,0.054,,0.328519080308125
2019wby,,0.043,,0.255165766137369
2019ubp,,0.031,,0.308692084447386
2019szh,0.047776,0.028,SN Ia,0.0961219923145304
2019wcc,,0.05,,0.104342659587907
2019unz,,0.028,,0.088599986602626
2019yui,,0.033,,0.0405149713168843
2019wcf,,0.016,,0.0484193583297836
2019uev,,0.019,,0.0620800770571087
2019wvg,,0.033,,0.112047574584945
2019cll,,0.013,,
2019xbj,,0.037,,0.13290047052811
2019zim,,0.025,,0.18347679479597
2019wkf,,0.038,,0.0881328589794394
2019zit,,0.019,,0.0781293642867151
2019yua,,0.047,,0.0733240322092461
2019yub,,0.031,,0.0694919015708397
2019yuc,,0.045,,0.0840619048704516
2019ulo,,0.02,,0.0214192691542162
2019zno,,0.029,,0.197085035399591
2019yue,,0.029,,
2019yuh,,0.033,,
2019yuf,0.1,0.023,SN Ic,0.106920123814142
2019zio,,0.035,,
2019ziw,,0.055,,0.337345257162921
2019ytc,,0.043,,
2019yuj,,0.055,,0.115446293966778
2019zgp,,0.044,,0.217212507003047
2019zsy,,0.017,,0.167095839465849
2019ziy,,0.058,,0.240637805338097
2019zix,,0.034,,0.514694
2019zha,,0.037,,
2019zfl,,0.064,,0.16072570960087
2019wka,0.04,0.058,SN Ia,0.15841490411502
2019zja,,0.065,,
2019aaax,,0.036,,0.357821613635205
2019zsz,,0.081,,0.0694919015708397
2019uez,0.039,0.093,SN II,0.0272783155231796
2019zcp,,0.021,,0.325360707829756
2019ucc,,0.041,,
2019yiz,,0.042,,0.047592104009238
2019zqa,,0.04,,0.106920123814142
2019zrf,,0.034,,
2019zre,,0.025,,0.0781293642867151
2019yjl,,0.03,,0.083948963974413
2019yih,,0.024,,0.236627856789046
2020fo,,0.046,,0.0794708570046671
2020bct,,0.041,,0.138747702337622
2020abw,,0.02,,0.112047573858829
2020abm,,0.018,,0.178963132523283
2020adc,,0.032,,0.195684936727518
2020pf,0.095,0.027,SN Ia,0.125662099091501
2020agv,,0.057,,
2020oa,,0.026,,0.130326122836859
2019yfu,0.0845,0.017,SN Ia,0.0966145070583519
2020bii,,0.026,,0.30681524120382
2020bte,,0.028,,0.17142233669273
2020btd,,0.023,,0.599006
2020btg,,0.024,,0.333208526700138
2020alw,,0.012,,0.143632330755618
2020apu,,0.021,,0.117033524166072
2020bso,,0.026,,0.104552171265518
2020bsk,,0.019,,0.104342659587907
2020ej,0.03333,0.065,SN II,0.0356164841782661
2020aly,,0.011,,0.0433241787200484
2020alz,,0.008,,0.100181629388858
2020bta,,0.01,,0.350014155024586
2020alx,,0.037,,0.178963132523283
2020grz,,0.03,,0.31200350604966
2020amc,,0.05,,0.102633897019105
2020amb,,0.036,,
2020bth,,0.032,,0.159633567136439
2020akx,,0.024,,0.374540514067873
2020rw,,0.02,,0.0971647380133386
2020anl,,0.023,,0.0860337270943187
2020anm,,0.032,,
2020amg,,0.014,,0.0984497130776273
2020aov,,0.023,,0.51358
2020apf,,0.026,,0.0958079408584315
2020aot,,0.028,,0.179468973029012
2019aaag,,0.019,,0.212291685488622
2020aql,,0.025,,0.0701709797446808
2020aqn,,0.018,,0.18622327388752
2020byd,,0.02,,0.450577
2020bye,,0.032,,
2020bya,,0.031,,0.13115104243918
2020ara,,0.051,,
2020byf,,0.028,,
2020byg,,0.035,,
2020awv,,0.016,,0.230854462610223
2020aww,,0.022,,0.0874523368393959
2019zag,,0.034,,0.0961219923145304
2020aym,,0.022,,0.199697190216062
2019wyp,0.081,0.022,SN Ia,0.0881328589794394
2020azn,0.14,0.013,SN Ia,0.217516125373122
2020azp,,0.015,,0.0384908747299193
2020azx,,0.016,,0.143926024573055
2020eol,,0.028,,0.151643292381336
2020bkw,,0.017,,0.0250483701819135
2019lbi,0.013,0.015,SN II,0.0365892593810609
2020ahd,,0.019,,0.0717901593493014
2020bkv,,0.033,,0.103192914147072
2020biq,,0.041,,0.073967455618221
2020bam,,0.0491,,0.312649338172842
2020bnw,,0.009,,0.307062519162519
2020dtk,,0.026,,
2020bvx,,0.023,,0.299433
2020bxc,,0.0115,,0.0938142257892828
2020clh,,0.064,,
2019aabv,,0.016,,0.305963533032751
2020dxa,,0.044,SN Ia,0.0136703776403871
2020dbd,0.042335,0.015,SN II,0.0429048288408218
2020bwr,0.060637,0.014,SN II,0.0636391737120625
2020dwq,,0.036,,0.13327001385209
2020dvu,,0.044,,0.140458393915476
2020duv,0.04567,0.037,SN Ia-91T-like,0.053977386252753
2020dwg,0.048,0.033,SN Ia,0.0389232394723415
2020dvl,,0.047,,0.143555087312574
2020ejj,,0.049,,0.0732779125377506
2020ejl,,0.138,,
2020hau,,0.035,,0.106072805896285
2020ebc,,0.026,,0.124876414180657
2020elu,,0.0222,,0.3756003403384
2020elt,,0.0317,,0.130938598821463
2020ebm,,0.017,,0.126743138762231
2020dec,,0.021,,0.0766562035864326
2020dyc,0.07,0.055,SN Ia,
2020hav,,0.0126,,
2020eqz,,0.0115,,0.105833102541594
2020era,,0.0125,,0.170211674644187
2020eta,,0.014,,0.113306622677802
2020eci,0.069,0.057,SN Ia,0.070330666875405
2020ghs,,0.031,,
2020evr,,0.019,,0.0660469310211634
2020ghr,,0.0283,,0.756533
2020evl,,0.0263,,0.532613
2020evt,,0.048,,0.128029017406823
2020evp,,0.029,,0.141272297250601
2020evq,,0.026,,0.10536021626808
2020evu,0.0581,0.035,SN Ia,0.142050263570575
2020evo,,0.0275,,0.11053014649762
2020erx,,0.036,,0.117781925819012
2020eru,,0.04,,0.207539206263111
2020eyv,,0.044,,0.0508572728979541
2020eyu,,0.0255,,0.107325497954355
2020eyt,,0.02,,0.501579
2020far,,0.0341,,0.279672844649439
2020azk,0.087,0.033,SN Ib,0.116819034871717
2020fc,,0.021,SN II,0.307069339464778
2020fhj,0.085,0.033,SN Ic-BL,0.0903498168924748
2020cyz,0.11,0.027,SN Ia,
2020fsd,,0.021,,0.0827298736590962
2020fsc,,0.046,,0.0956344004644523
2020fhf,,0.03,,0.0820617009598561
2020fle,,0.029,,0.202074981523608
2020eyx,,0.041,,0.0592221206065491
2020cwg,,0.026,,0.0294927703600728
2020fuq,,0.01,,0.0746686988466844
2020ewx,0.06,0.034,SN Ia,0.109260033086088
2020fhs,0.01438,0.031,SN Ia,0.0258201369578619
2020fwx,,0.043,,0.239724556580469
2020fxe,,0.024,,0.0959162013381489
2020gkw,,0.052,,0.082301163614696
2020has,,0.028,,0.0970965440621284
2020her,,0.072,,0.118225592724938
2020hmc,,0.035,,0.364188827886436
2020hra,,0.032,,0.335868293512962
2020epi,0.024,0.021,SN Ic,0.0344429214169474
2020itv,,0.015,,0.093297555602203
2020hrd,,0.071,,
2020hmj,,0.091,,0.100128987482761
2020kiq,,0.037,,0.633937
2020hrb,,0.028,,0.30714167435361
2020hif,,0.01,,0.314405
2020heg,,0.013,,0.108872768921876
2020kit,,0.014,,0.237612180481775
2020iuv,,0.012,,0.103348229255088
2020iuu,,0.012,,0.3234692585915
2020itz,,0.016,,0.32387642196961
2020hap,,0.032,,0.165745504718408
2020itx,,0.022,,0.201203302005884
2020hug,,0.035,,0.0404005164650243
2020iuy,,0.022,,0.135358541809838
2020iul,,0.035,,0.104451709935991
2020iwl,,0.009,,0.0140177985941688
2020ius,,0.021,,0.348150370253001
2020iuq,,0.027,,0.0927374344220034
2020ivq,,0.034,,0.0871705638040927
2020ivd,,0.034,,0.186511585963316
2020iuz,,0.042,,0.150206598651487
2020iwj,,0.012,,0.100442473127778
2020iwi,,0.01,,0.0997106425637049
2020hep,,0.033,,0.0997744294782294
2020ivf,,0.04,,0.199286005975192
2020ive,,0.044,,0.103874835283317
2020ivl,,0.035,,0.0858637974883222
2020ivw,,0.031,,0.0547135032806125
2020ivj,,0.031,,0.118981329773958
2020knn,,0.027,,0.37990680164883
2020kir,,0.078,,
2020fwj,,0.164,,
2020iqy,,0.076,,
2020knx,,0.031,,
2020gll,,0.045,,0.114647894722553
2020fla,,0.012,,0.185530345741019
2020hpu,,0.01,,0.183455331053033
2020hik,,0.024,,0.0681906332868636
2020hro,,0.046,,0.0773375573271689
2020glj,,0.039,,0.0914734993988695
2020fza,,0.049,,0.0681906332868636
2019igc,,0.09,,0.0996908948329306
2020iwv,,0.008,,0.0146583209449374
2020iri,,0.023,,0.061430990997228
2020igh,,0.027,,0.0692844036872601
2020iqk,,0.017,,0.128935523824601
2020iqr,,0.012,,0.12181841565831
2020irh,,0.026,,0.171556335456677
2020knw,,0.151,,0.356014176030176
2020kns,,0.009,,0.322020327805368
2020knu,,0.02,,0.249506187893782
2020irx,,0.028,,0.176823247021392
2020iqc,,0.021,,0.121263867226254
2020irb,,0.034,,0.207925260734919
2020irg,,0.021,,0.208250102985567
2020irn,,0.02,,0.299907980464726
2020iqp,,0.028,,0.169052334531441
2020ixj,,0.016,,0.561924
2020imm,,0.022,,0.009346008711595
2020koa,,0.018,,0.232636129969093
2020koi,,0.025,,
2020imp,,0.034,,0.155218648617248
2020kpk,,0.032,,
2020koh,,0.022,,0.092088298652903
2020ims,,0.02,,0.319039773380373
2020imk,,0.043,,0.163243602707946
2020inh,,0.024,,0.0944881222344026
2020ixm,,0.018,,0.390802422875259
2020ixk,,0.043,,0.465333
2020kpm,,0.029,,0.169616
2020imf,,0.022,,0.151657820534531
2020imh,,0.011,,0.199421268926414
2020kpp,,0.066,,
2020kpv,,0.027,,0.246178
2020hjv,,0.01,,0.0878351585913725
2020hwk,,0.035,,0.139371177240828
2020hdf,,0.018,,0.302050795176944
2020hfm,,0.036,,0.132993200111818
2020hci,,0.035,,0.195425236986619
2020hju,,0.016,,0.179010705258733
2020hwu,,0.039,,
2020icp,,0.038,,0.00960519969399049
2020jyp,,0.04,,0.464017
2019aacq,,0.036,,
2020hxi,,0.033,,0.342549161125114
2019aacp,,0.017,,0.369265427892111
2019aacg,,0.034,,
2020kps,,0.02,,0.123961562547284
2020itq,,0.055,,0.11371131953388
2020ixl,,0.041,,0.278994
2020kpt,,0.028,,0.253812245324183
2020iir,,0.042,,0.156128454476489
2020ijc,,0.019,,0.157318100678244
2020igg,,0.037,,0.0746180000987651
2020ije,,0.025,,0.152679638097529
2020ito,,0.032,,0.163643422277396
2020ikz,,0.035,,0.0793752206958856
2020ikx,,0.01,,0.238165121484118
2020iks,,0.023,,0.102107292994319
2020iky,,0.018,,0.318321554412457
2020ino,,0.021,,0.0967004286163894
2020itp,,0.026,,0.109139664438545
2020jvk,,0.034,,0.290421376185562
2020iow,,0.02,,
2020ioy,,0.04,,0.0756133837586878
2020itc,,0.032,,0.194680429079932
2020ite,,0.015,,0.0714488459014712
2020kgr,,0.029,,0.112266527959381
2020iga,,0.008,,0.135368049398952
2020iyu,,0.01,,0.206257957511943
2020iyt,,0.072,,
2020fwz,,0.148,,0.234816640470124
2020jba,,0.025,,0.121717556614348
2020ixs,,0.037,,0.0487568112918975
2020jcy,,0.063,,0.0581285808067161
2020jdf,,0.035,,0.0883083101237848
2020ilb,0.0499,0.01,SN Ia,0.0434667293799326
2020jde,,0.032,,0.068885017406089
2020awg,0.03181,0.035,SN II,0.0362531057991882
2020jeu,,0.032,,0.0321145168622807
2020jfx,,0.009,,0.145947525247536
2020jed,,0.051,,0.0442218535413059
2020ika,,0.019,,0.0641495120493179
2020jdz,,0.014,,0.0996362994732962
2020jli,,0.074,,
2020jlj,,0.032,,0.34434921280196
2020jlk,,0.02,,0.0546898739540178
2020jpm,,0.01,,0.291685285933439
2020jpp,,0.028,,0.167860279909772
2020jpo,,0.023,,0.197148282942936
2020jpq,,0.017,,0.104485262274186
2020kop,,0.024,,0.0335678743318138
2020kon,,0.028,,0.229224
2020kuw,,0.009,,0.313294497674843
2020jpw,,0.053,,
2020kux,,0.052,,
2020jtj,,0.049,,0.124249961761929
2020knt,,0.009,,0.553056
2020jtk,,0.064,,0.15681454348564
2020kuy,,0.024,,0.117368
2020knv,,0.017,,
2020jnz,,0.023,,0.0696071968287649
2020jts,,0.012,,0.0757406113279502
2020jtq,,0.011,,0.166362450947354
2020jtr,,0.029,,0.18282573623829
2020kpf,,0.019,,
2020jvi,,0.032,,0.103747163173966
2020kax,,0.035,,0.148351563783155
2020jip,,0.019,,0.105653
2020juk,,0.045,,0.042067
2020jzx,,0.012,,0.099313
2020kaj,0.14,0.011,SN Ia,0.601702
2020kak,,0.012,,0.241344
2020kvf,,0.011,,
2020kvg,,0.014,,0.221882
2020kcl,,0.018,,0.151467
2020kcf,,0.023,,0.132031
2020kxv,,0.021,,
2020jur,,0.096,,
2020jup,,0.034,,0.18275
2020huf,,0.032,,0.025577
2020kfe,,0.022,,0.652256
2020jzs,,0.045,,0.111906
2020hwg,,0.025,,0.122609747321399
2020kfh,,0.026,,0.257954
2020kff,,0.02,,0.242483
2020kfj,,0.019,,0.157131
2020kfi,,0.023,,0.146986
2020kfg,,0.026,,0.305025
2020kzv,,0.03,,0.22465
2020kuv,,0.017,,0.359668
2020kxr,,0.024,,
2020kxp,,0.026,,0.173961
2020kim,,0.011,,0.360586
2020kmm,,0.07,,
2020kml,,0.093,,0.141584
2020kyb,,0.029,,
2020kob,,0.027,,0.058494
2020mbn,,0.019,,0.032031
2020koe,,0.021,,0.100316
2020kof,,0.015,,0.162299
2020kqz,,0.125,,0.205509
2020jmm,,0.07,,
2020ley,,0.023,,0.337583
2020lex,,0.031,,0.230877
2020kvd,,0.01,,0.169413
2020kvb,,0.01,,0.135317
2020kvc,,0.016,,
2020kfy,,0.014,,0.116552
2020lew,,0.01,,0.062285
2020lev,,0.021,,
2020lad,,0.024,,0.191427
2020lez,,0.042,,
2020lac,,0.06,,0.264891
2020lgr,,0.011,,0.174946
2020lgq,,0.038,,0.152624
2020lkr,,0.01,,0.183421
2020lgy,,0.013,,0.077328
2021dbz,,0.138,,
2020lks,,0.013,,0.12276
2020lhw,,0.081,,
2020lhz,,0.034,,0.687318
2020lhy,,0.034,,0.104491
2020lsz,,0.127,,
2020lib,,0.019,,0.105095
2020lly,,0.035,,
2020gcv,0.028396,0.032,SN II,0.034186
2020ltk,,0.012,,0.69788
2020llz,,0.114,,0.174882
2020ltj,,0.024,,0.189753
2020jjb,,0.073,,0.032684
2020kzy,,0.032,,0.152975
2020imb,,0.036,,0.138766975299911
2020kry,,0.029,,0.071239
2019wbv,,0.018,,
2019zfv,0.1357,0.028,SN Ia,
2021lrs,,0.084,,
2020lxe,,0.023,,0.111547379162784
2020lxd,,0.035,,0.354863
2020nfh,,0.026,,0.312985
2020lyv,,0.017,,0.367126
2020lyu,,0.014,,0.252244
2020juu,,0.024,,0.084402
2020ndf,,0.039,,0.284912
2020lyz,,0.025,,0.114001
2020mbh,,0.018,,0.042513
2020mbg,,0.132,,0.324706
2020mbi,,0.01,,0.150119
2020ndg,,0.027,,0.162505
2020nfg,,0.026,,0.345252
2020ndh,,0.032,,0.165645
2020ldd,,0.023,,0.291725
2020mvu,,0.027,,0.776603
2020mms,,0.033,,0.174478
2020lbf,0.056079,0.058,SN Ia,0.043943
2020lhx,,0.055,,
2020nbw,,0.016,,0.163308
2020nbx,,0.073,,0.441607
2020mnx,,0.023,,
2020mka,,0.04,,0.126558
2020ndi,,0.028,,0.123377
2020msu,0.1,0.01,SN Ia,0.43842
2020nff,,0.018,,
2020ndj,,0.023,,0.598775
2020lis,,0.075,,0.113459
2020mrv,,0.161,,0.135823
2020lom,,0.086,,
2020nib,,0.027,,0.258159
2020mub,,0.025,,0.18344
2020nic,,0.046,,0.369224
2020nie,,0.009,,0.350413
2020mjn,,0.034,,0.024164
2020mvy,,0.03,,0.163414
2020mvw,,0.043,,0.075314
2020mwc,,0.036,,0.089803
2020mvx,,0.028,,0.329213
2020npn,,0.082,,0.422947
2020mcd,,0.034,,
2020nax,,0.024,,0.154438
2020mju,,0.021,,
2020nyu,,0.095,,0.058078
2020ofp,,0.085,,0.107445
2020nhl,,0.07,,
2020nhj,,0.044,,0.185006
2020nwa,,0.041,,0.151775
2020njw,,0.027,,0.258517
2020nkv,,0.033,,
2020nor,,0.039,,0.026885
2020nde,,0.039,,0.113284
2020mzr,,0.032,,0.256103
2020noq,,0.089,,0.109156
2020odw,,0.094,,
2020ooo,,0.082,,0.671091
2020nnk,,0.049,,0.368883
2020mye,,0.043,,0.113286
2020odu,,0.072,,0.178424
2020odt,,0.124,,0.29617
2020ods,,0.046,,0.309626
2020mrw,,0.046,,0.075839
2020nue,,0.087,,0.26509
2020odr,,0.026,,0.228597
2020olk,,0.025,,0.089137
2020pfs,,0.018,,0.074405
2020nsp,,0.025,,0.521241
2020odq,,0.087,,0.09653
2020nuc,,0.013,,0.066626
2020nrp,,0.031,,0.190577
2020odn,,0.036,,0.268633
2020nvd,,0.035,,0.130297
2020nqu,,0.043,,0.112728
2020mza,,0.066,,0.029816
2020nud,,0.05,,0.171906
2020qhp,,0.04,,0.185389
2020myi,0.073,0.082,SN Ia,0.030844
2020nlk,,0.03,,0.105681
2020jnx,,0.032,,0.029173
2020oay,,0.019,,
2020noz,0.025,0.023,SN IIn,0.02786
2020oku,,0.02,,0.305786
2020oix,,0.025,,0.120305
2020opa,,0.079,,0.137061
2020oiy,,0.016,,0.356037
2020ohy,,0.032,,0.096249
2020oos,,0.019,,0.090156
2020oot,,0.013,,0.12715
2020oou,,0.032,,
2020oov,,0.008,,0.375962
2020oow,,0.028,,
2020oox,,0.012,,0.172507
2020ojl,,0.066,,
2020ovg,,0.033,,0.094453
2020oiv,,0.013,,0.164059
2020ovv,,0.015,,0.058859
2020ovi,,0.05,,0.206486
2020pip,,0.024,,0.44141
2020pqw,,0.021,,0.213075
2020kqb,,0.04,,0.334731
2020nbo,0.05,0.035,SN Ia,0.19885938350145
2020ogv,,0.022,,0.066015
2020mor,,0.021,,0.089523
2020kmj,,0.019,,0.104384
2020mwo,,0.04,,0.163524
2020lnm,,0.03,,
2020kmv,,0.021,,0.14624
2020poh,,0.086,,
2020pog,,0.029,,
2020qda,,0.03,,0.06606
2020jxa,,0.052,,0.170156
2020ppq,,0.031,,0.183938
2020qrn,,0.012,,0.218695
2020qgo,,0.149,,0.137907
2020qgn,,0.033,,0.109252
2020qro,,0.042,,0.165052
2020qfz,,0.093,,
2020qgm,,0.045,,0.151572
2020qgl,,0.03,,0.328145
2020azs,0.135,0.017,SN Ia,0.126689642667539
2020juq,0.12,0.046,SN Ia,0.136009
2020ghq,0.01521,0.009,SN II,0.390952
2020ama,0.063977,0.017,SN II,0.0671045217470373
2020ann,0.08,0.018,SN Ia,0.119714650143331
2020apw,,0.018,,0.0733240322092461
2020kjk,,0.073,,0.084047
2020pzl,,0.076,,0.28204
2020pyk,,0.035,,0.137489
2020pyi,,0.022,,0.222556
2020pyx,,0.058,,
2020qht,,0.037,,0.246454
2020oen,,0.034,,0.165726
2020nrm,,0.031,,0.219938
2020pwl,,0.09,,
2020qfw,,0.032,,
2020qbi,,0.016,,0.046138
2020qbj,,0.02,,0.328303
2020qrq,,0.012,,0.072229
2020pux,,0.041,,0.33606
2020qet,,0.025,,0.145451
2020trf,,0.028,,0.281435
2020qfj,,0.027,,0.398458
2020qfv,,0.067,,0.17957
2020ppe,0.0388,0.031,SN Ia,0.052771
2020pth,,0.023,,0.161651
2020psu,,0.022,,0.161494
2020qqg,,0.019,,0.190002
2020qrp,,0.033,,0.319498
2020pvj,,0.052,,0.11651
2020qhn,,0.041013397127389904,,
2020qho,,0.06,,0.103022
2020qqi,,0.083,,
2020qrv,,0.078,,0.103762
2020qlp,,0.046,,0.204261
2020nim,0.06,0.046,SN II,0.368427
2020rpl,,0.05,,0.195147
2020rmo,,0.039,,0.12055
2020vzc,,0.019,,0.513558
2020toj,,0.061,,0.537066
2020pmq,,0.062,,0.549607
2020qmy,,0.06,,0.066254
2020qrt,,0.011,,0.31892
2020qte,,0.083,,
2020qpu,,0.017,,0.075581
2020rjw,,0.019,,0.142736
2020rcs,,0.019,,0.085775
2019wdy,,0.033,,0.495427
2020qrs,,0.035,,0.100635
2020ncg,,0.156,,
2020rmp,,0.099,,
2020qze,,0.034,,0.144355
2020qzg,,0.029,,0.071416
2020ovk,0.025,0.046,SN II,0.034637
2020pix,,0.026,,0.097222
2020qtp,,0.054,,0.095255
2020qtf,,0.027,,0.050885
2020qxm,,0.035,,0.152372
2020qxl,,0.047,,0.086488
2020qzf,,0.039,,
2020rcr,,0.035,,0.258246
2020rkr,,0.067,,0.186974
2020kvl,0.12,0.018,SN Ia,0.131849
2020rla,,0.094,,
2020rij,,0.025,,0.128337
2020rkq,,0.038,,
2020qyx,,0.039,,0.12125
2020rom,,0.048,,0.271991
2020rhg,0.03,0.018,SN II,0.079228
2020riu,,0.021,,0.446075
2020rsn,,0.029,,0.220705
2020sdu,,0.025,,0.680536
2020rof,,0.02,,0.128784
2020rkp,,0.057,,
2020qqe,,0.066,,0.093686
2020rmc,,0.041,,
2020yja,,0.015,,
2020tao,,0.034,,
2020rsw,,0.02,,0.387402
2020rst,,0.036,,
2020rsr,,0.025,,0.237656
2020sxr,,0.007,,
2020rsx,,0.054,,0.194002
2020rrr,,0.049,,0.265741
2020rsu,,0.02,,0.199899
2020nrg,,0.068,,
2020rnl,,0.049,,0.1462
2020tre,,0.062,,0.126361
2020roi,,0.008,,
2020trg,,0.037,,0.254897
2020roj,,0.048,,0.256893
2020yjb,,0.027,,
2020rsp,,0.011,,0.10183
2020rso,,0.077,,0.383959
2020rrn,,0.012,,0.092086
2020rss,,0.068,,0.147859
2020ulp,,0.055,,0.23551
2020toi,,0.038,,
2020ron,,0.036,,0.12076
2020sej,,0.036,,0.352109
2020rtg,,0.012,,0.132411
2020ioz,0.06,0.028,SN Ia,
2020inp,0.07,0.031,SN Iax[02cx-like],0.520489
2020ivg,0.053,0.011,SN IIb,0.488863
2020ikq,0.037,0.01,SN IIb,0.102976069612389
2020iio,,0.038,,0.0865945648019351
2020vtq,,0.034,,0.581262
2020rwx,,0.017,,
2020vzb,,0.013,,
2020roo,,0.035,,0.530381
2020sex,,0.039,,0.377907
2020abxz,,0.038,,0.153653
2020qmv,,0.03,,0.770004
2020tga,,0.018,,0.170412
2020tgb,,0.027,,0.230332
2020ski,,0.025,,0.10705
2020rth,0.0184,0.041,SN II,
2020trk,,0.018,,
2020skj,,0.05,,0.101065
2020tri,,0.029,,0.128422
2020rdu,,0.055,,0.199804
2020skd,0.06,0.06,SN Ia,0.075491
2020sss,,0.104,,
2020nrh,,0.035,,
2020tgv,,0.045,,
2020sxq,,0.019,,
2020sek,,0.014,,0.040389
2020sxo,,0.036,,0.224968
2020rvq,0.131,0.02,SN Ia,0.116329
2020skv,,0.01,,0.111166
2020rxy,,0.092,,
2020trj,,0.011,,0.027633
2020sxp,,0.034,,0.542754
2020sxs,,0.042,,
2020rol,,0.007,,0.176213
2020puc,,0.075,,0.212942
2020tee,,0.017,,
2020tqy,,0.017,,0.51967
2020tgd,,0.021,,0.709657
2020tgu,,0.02,,0.079355
2020tgc,,0.028,,0.174449
2020tqz,0.136,0.054,SN Ia,0.140849
2020tra,,0.016,,
2020szp,,0.088,,0.135311
2020szo,,0.036,,0.128721
2020twb,,0.065,,
2020qnh,,0.097,,0.479246
2020trl,,0.061,,0.071545
2020ton,,0.089,,0.148172
2020tlo,,0.065,,0.249565
2020sck,0.017,0.026,SN Iax[02cx-like],
2020top,,0.026,,
2020tfw,,0.025,,0.07892
2020tfx,,0.027,,0.18149
2020tvj,,0.028,,0.118383
2020wxz,,0.058,,0.484149
2020tmi,,0.021,,0.22674
2020tln,,0.055,,0.078822
2020tvl,,0.025,,0.310499
2020vxe,,0.015,,
2020sgy,,0.071,,
2020rfe,,0.049,,0.129036
2020two,,0.033,,0.186086
2020utk,,0.083,,0.342453
2020utj,,0.057,,0.469054
2020tpw,,0.052,,
2020tpv,,0.05,,
2020too,,0.02,,
2020tvt,,0.045,,
2020twa,,0.029,,0.579688
2020tuu,,0.044,,0.065268
2020tip,0.095,0.047,SN Ia,0.103476
2020thu,,0.076,,0.130277
2020tle,,0.056,,0.166465
2020usj,,0.034,,0.157881
2020skh,,0.039,,
2020trd,,0.054,,
2020vzd,,0.073,,
2020sdy,,0.099,,0.037116
2020tkd,,0.055,,
2020zrk,,0.051,,
2020ssu,,0.043,,
2020nva,0.05,0.054,SN Ia,
2020usl,,0.021,,
2020utd,,0.009,,
2020tuy,,0.027,,0.056316
2020utl,,0.027,,
2020vyc,,0.02,,
2020tvk,,0.081,,0.131073
2020prg,0.08,0.017,SN Ia,
2020tyl,,0.028,,
2020tfb,0.048,0.028,SN IIP,
2020vzf,,0.032,,
2020uig,,0.042,,
2020usk,,0.036,,0.108479
2020tyx,,0.072,,0.224332
2020xez,,0.033,,0.19059
2020tyw,,0.019,,
2020zrj,,0.007,,
2020use,,0.009,,
2020trb,,0.089,,0.276382
2020trc,,0.082,,
2020vzg,,0.056,,
2020usd,,0.03,,0.058718
2020tly,0.058,0.071,SN II,0.061197
2020tkw,,0.024,,
2020xpj,,0.032,,
2020uga,,0.036,,0.040335
2020yit,,0.098,,
2020wpn,,0.092,,0.336037
2020vgc,,0.042,,0.098845
2020usm,0.104,0.046,SN Ia,0.088218
2020xhr,,0.043,,
2020ulx,,0.027,,0.105787
2020ufe,0.075,0.023,SN Ia,
2020wpm,,0.04,,
2020zrl,,0.026,,
2020wpp,,0.092,,0.374942
2020tdk,,0.07,,
2020vqy,,0.048,,
2020svo,0.038748,0.029,SN Ia,0.053632
2020svn,0.02891,0.057,SN II,
2020vqr,,0.058,,
2020uyc,,0.053,,0.111812
2020uxw,,0.077,,
2020qmj,0.022,0.025,SN IIn,0.043941
2020ciu,,0.024,,0.075012
2020usc,,0.019,,0.547775
2020tgw,,0.019,,
2020wzq,,0.073,,
2020wcx,,0.031,,0.05983
2020ulf,0.032169,0.062,SN Ia,0.0
2020vbs,0.054604,0.017,SN Ia,
2020vei,,0.011,,
2020qbu,0.02,0.018,SN Ic,
2020ptm,,0.03,,0.081472
2020rsv,,0.037,,
2020rok,,0.04,,0.168085
2020rvg,,0.024,,0.308564
2020rxb,,0.054,,
2020rrq,,0.024,,
2020svk,,0.061,,0.212721
2020txk,,0.027,,0.238017
2020rhw,,0.021,,0.078964
2020wpo,,0.061,,0.136416
2020war,,0.056,,0.123176
2020vbl,,0.092,,0.052135
2020yiv,,0.033,,0.50737
2020wmb,,0.072,,0.120866
2020yiu,,0.062,,
2020wto,,0.024,,0.144969
2020xaq,,0.022,,
2020yiw,,0.06,,0.063293
2020yde,,0.027,,0.127502
2020yiy,,0.028,,0.528716
2020xur,,0.066,,0.11661
2020yix,,0.098,,0.228905
2020xku,,0.016,,
2020ydf,,0.037,,0.10771
2020xkf,,0.053,,
2020nap,0.022,0.041,SN II,
2020lht,0.076,0.018,SN Ia,0.256235
2020hrw,0.024,0.032,SN II,0.0684331086705661
2020pyf,0.073,0.029,SN Ia,0.069563
2020psv,0.0934,0.04,SN Ia,0.085421
2020koc,0.166,0.038,SN II,0.221654
2020qkx,0.127,0.03,SN Ia,0.111176
2020kre,0.136,0.021,SN Ia-CSM,0.150085
2020qlq,0.039,0.078,SN Ib/c,0.112783
2020pyy,0.114,0.029,SN Ia,0.337801
2020wyx,,0.024,,0.117157
2020wyz,,0.049,,
2020woq,,0.105,,
2020yjc,,0.094,,0.190434
2020unn,,0.038,,0.140723
2020wjd,,0.022,,0.252921
2020yrj,,0.05,,0.621731
2020yis,,0.024,,0.119681
2020xse,,0.027,,
2020xst,,0.009,,
2020kqn,,0.032,,
2020xpx,,0.036,,
2020uzk,,0.014,,0.12142
2020uhm,0.04,0.044,SN II,0.055964
2020uru,,0.038,,0.065313
2020yda,,0.031,,
2020urt,,0.043,,0.11212
2020yfm,,0.043,,
2020yeg,,0.063,,0.424694
2020zrg,,0.012,,
2020yfx,,0.1,,0.064241
2020kdc,,0.039,,0.510988
2020nbv,,0.025,,
2020ima,,0.025,,
2020rtb,,0.025,,0.1226
2020qgp,,0.094,,0.136156
2020pvt,,0.079,,0.193266
2020kbl,0.079,0.078,SN Ia,0.08076
2020pss,,0.082,,
2020inw,,0.008,,0.127735
2020ryn,0.073,0.111,SN Ia,
2019pmd,0.022019,0.073,SN Ia,
2020mfa,,0.041,,
2020kzb,,0.04,,
2020nis,,0.087,,
2020row,0.09,0.062,SN Ia,0.129109
2020mfb,,0.034,,0.124447
2020vdt,,0.033,,0.088315
2020tok,,0.008,,0.181536
2020trh,,0.016,,
2020vze,,0.014,,
2020wbh,,0.019,,
2020utc,,0.045,,
2020tol,,0.043,,0.111603
2020wzd,,0.075,,
2020yuc,,0.052,,0.099432
2020von,,0.017,,
2020wnz,,0.019,,
2020vqk,,0.009,,
2020zql,,0.02,,
2020zji,,0.01,,
2020zqm,,0.016,,
2020yxr,,0.061,,0.192965
2020admv,,0.025,,0.247779
2020zqn,,0.06,,
2020aaqn,,0.02,,0.138439
2020adob,,0.019,,0.393064
2020aabc,,0.024,,0.102281
2020yya,,0.017,,0.085459
2020yyc,,0.05,,
2020aaca,,0.04,,0.208732
2020aacm,,0.105,,
2020zoy,,0.039,,0.444659
2020ykb,0.09,0.029,SN II,
2020tue,,0.018,,
2020usn,,0.129,,
2020wzp,,0.016,,
2020vzh,,0.01,,
2020ypn,,0.073,,
2020xpz,,0.029,,
2020xoc,0.13,0.014,SN Ia,
2020yac,,0.014,,
2020wwr,,0.077,,0.203183
2020xuq,,0.032,CV,0.025186
2020wwt,,0.078,,0.138348
2020jhs,0.065,0.022,SN IIn,0.206219787778815
2020dow,0.0474,0.024,SN Ia,0.0527104369440153
2020icw,,0.018,,0.104049736648145
2020kld,,0.03,,0.529093
2020lyy,,0.039,,0.05758
2020zmv,,0.046,,0.019065
2020zkg,,0.024,,0.087177
2020zjp,,0.023,,0.114847
2020znk,,0.039,,0.019655
2020yko,,0.027,,
2020aasl,,0.021,,0.241649
2020aajt,,0.022,,0.327197
2020adix,,0.019,,0.101481
2020aahq,,0.035,,
2020abre,,0.018,,
2020aavc,,0.021,,0.090148
2020aahb,,0.037,,0.08183
2020aaqu,,0.025,,0.206287
2020xlm,,0.036,,0.089803
2020abhu,,0.04,,0.074816
2020abrb,,0.068,,0.086734
2020vds,,0.026,,0.152452
2020abbc,,0.032,,0.080466
2020aazr,0.08,0.081,SN Ia,0.237166
2020abjy,,0.071,,0.104523
2020abkb,,0.038,,
2020abjz,,0.036,,0.213065
2020abka,,0.1,,0.136326
2020abra,0.111,0.07,SN Ia-91T-like,0.129371
2020abnt,,0.018,,0.299716
2020abrd,,0.03,,0.10481
2020aaua,,0.015,,0.090331
2020abrc,,0.087,,
2020tan,0.079,0.022,SN IIn,0.088133
2020zfs,,0.027,,
2020abpt,0.139,0.028,SN Ia,0.120683
2020abte,,0.024,,0.163879
2020abyv,,0.02,,
2020acas,,0.08,,0.076149
2020abya,,0.03,,
2020abyb,,0.042,,0.465323
2020achi,,0.065,,
2020achj,,0.038,,
2020acwz,,0.056,,
2020acwx,,0.028,,0.094421
2020ablf,,0.018,,0.224182
2020acys,,0.041,,
2020aaaq,,0.057,,
2020acyr,,0.049,,0.496599
2020acxa,,0.067,,0.107116
2020aess,,0.048,,
2020abci,,0.015,,0.077726
2020able,0.024755,0.028,SN Ic,0.020313
2020abgb,,0.016,,0.2075
2020adma,,0.044,,
2020acyp,,0.027,,0.275194
2020abji,,0.032,,0.189238
2020adlz,,0.024,,0.068342
2020aczw,,0.044,,0.209788
2020acxd,,0.039,,0.579891
2020acxc,,0.047,,0.066985
2020acww,,0.031,,0.076591
2020acyt,,0.025,,0.378206
2020aacr,,0.046,,0.134832
2020abbj,,0.019,,0.087537
2020adly,,0.02,,0.19999
2020yjd,,0.037,,0.145062
2020xjg,,0.033,,
2020woh,,0.065,,
2020aapc,,0.022,,0.388839
2020acyo,,0.095,,0.133291
2020actn,,0.038,,0.095925
2020acxe,,0.023,,0.236393
2020acxf,,0.011,,0.194274
2020acyu,,0.026,,0.224063
2020aazk,0.10196,0.017,SN Ia,0.096435
2020aesh,,0.023,,
2020aczf,,0.018,,0.126312
2020fci,,0.034,,0.0544585591714711
2020abpx,,0.03,,0.149499
2020yyb,,0.02,,0.257753
2020acds,,0.035,,
2020acyv,,0.067,,
2020aaur,,0.016,,0.08736
2020shf,0.056392,0.055,SN II,0.086291
2020adky,,0.046,,
2020abid,,0.017,,0.580503
2020adet,,0.025,,0.09218
2020abhw,,0.011,,0.062607
2020abhk,,0.02,,
2020acjn,,0.05,,
2020absk,0.01889,0.035,SN II,0.594949
2020aevl,,0.01,,0.692153
2020abho,,0.013,,
2020advq,,0.011,,0.142772
2020aciz,0.124,0.021,SN Ia,0.123855
2020aevm,,0.043,,0.063591
2020aecv,,0.033,,0.181434
2020acts,0.06,0.05,SN Ia,
2020actt,,0.041,,0.096984
2020admo,,0.038,,
2020admp,,0.053,,
2020aclg,,0.028,,0.065796
2020aeql,,0.04,,0.096032
2020aenc,,0.024,,0.072594
2020acbb,,0.046,,
2020acjy,0.07551,0.048,SN Ia,0.060863
2020adjs,,0.012,,0.078106
2020yza,0.071,0.051,SN Ia,0.095254
2020acog,,0.018,,0.072448
2020aepz,,0.016,,0.3412
2020advj,,0.017,,0.132537
2020advl,,0.028,,0.139486
2020whv,0.097,0.018,SN II,0.107607
2020advk,,0.024,,0.11846
2020adti,,0.025,,0.048281
2020aeqx,0.03179,0.032,SN IIP,0.021139
2020aejb,,0.038,,0.043664
2020acdu,,0.047,,0.049784
2020acmm,0.06,0.015,SN Ia,0.107158
2020aatr,0.052,0.031,SN Ia,0.042884
2020abip,0.034407,0.015,SN Ia,0.042046
2020aesp,,0.021,,0.131324
2021au,,0.025,,0.627353
2021be,,0.045,,0.196419
2021dl,,0.066,,
2021cjl,,0.074,,
2021bf,,0.015,,0.747069
2021bg,,0.026,,0.17581
2021bh,,0.047,,
2021lz,,0.025,,0.421886
2020hgw,0.043,0.011,SN II,0.0414493855193999
2020jww,0.046,0.035,SN II,0.035999
2020ryb,0.082,0.034,SN Ia,
2020rii,0.087,0.022,SN Ia,0.09451
2020mks,0.049,0.051,SN II,0.04191
2020qql,0.076,0.019,SN Ia,0.079195
2020rmy,0.138,0.06,SN Ia,
2020teb,0.104,0.072,SN Ia,0.110927
2020sia,0.099,0.032,SN Ia,0.102227
2020scj,0.103,0.025,SN Ia,0.104964
2020sym,0.042,0.013,SN Ic,0.053887
2020onu,0.044,0.016,SN Ia,
2020qmo,0.042,0.016,SN II,0.052893
2020skr,0.099,0.044,SN Ia,
2020tkc,0.036,0.043,SN IIb,0.039126
2020vbj,0.116,0.115,SN Ia-91T-like,
2021dk,,0.01,,0.097397
2020advr,,0.012,,0.144476
2020acyq,,0.026,,0.189565
2020zjt,,0.04,,0.162148
2020aetg,,0.089,,
2020aeti,,0.025,,0.341958
2021aoy,,0.022,,0.407059
2021iv,,0.018,,0.104177
2021rh,,0.029,,0.311849
2021jt,,0.034,,
2021jv,,0.056,,
2020adkf,,0.017,,0.110974
2021dow,,0.007,,0.344421
2021wd,,0.011,,0.131107
2021pe,,0.053,,
2020adat,,0.018,,0.164133
2020acvi,,0.015,,0.533579
2021pd,,0.033,,
2020aena,,0.056,,0.108284
2020acih,,0.045,,0.122446
2021aow,,0.02,,0.09488
2021afg,,0.037,,0.109815
2021afd,,0.036,,0.213792
2021afh,,0.028,,0.137965
2021afk,,0.018,,0.557533
2021wr,,0.051,,0.163105
2020acop,,0.031,,0.051886
2020aevg,,0.029,,0.109608
2021aov,,0.025,,0.15645
2021beb,,0.061,,0.122455
2021cjm,,0.023,,0.029899
2021aou,,0.028,,0.25571
2021apd,0.1,0.019,SN Ia,0.088281
2021afe,,0.038,,0.169905
2021agt,,0.021,,
2020aaiy,,0.092,,
2021aot,,0.017,,0.161794
2021uo,,0.012,,0.208895
2021atj,,0.019,,0.17536
2021bbb,,0.021,,0.211241
2021ati,,0.008,,0.31877
2021bbr,,0.013,,0.080878
2021buj,,0.015,,0.01967
2021aoi,,0.03,,0.247128
2021baa,,0.018,,0.199061
2021bbq,,0.031,,0.297845
2021bbp,,0.071,,
2021pn,,0.018,,0.144698
2020achp,,0.074,,
2021aru,,0.007,,0.18963
2021atk,,0.022,,
2021bbd,,0.027,,0.08716
2020abwx,,0.035,,0.2076
2020achk,,0.085,,0.177267
2020adlp,0.07848,0.039,SN Ia,0.057381
2021J,0.002388,0.017,SN Ia,
2021bmt,0.07,0.078,SN Ia,
2021in,,0.019,,0.176497
2021pl,0.07378,0.024,SN Ia,0.095062
2021im,,0.022,,0.193321
2021cji,,0.013,,0.113238
2021dox,,0.014,,0.344093
2021arg,0.031,0.048,SN II,
2021doy,,0.06,,0.087917
2021dpa,,0.015,,
2021doz,,0.015,,0.173961
2021dpb,,0.034,,0.082215
2021cjj,,0.02,,0.09729
2021dpc,,0.035,,0.022161
2021bwy,,0.027,,0.190164
2021dcj,,0.019,,0.184437
2021cth,,0.02,,0.088297
2021cbe,,0.017,,0.378481
2021bxe,,0.01,,0.15407
2021bug,0.005847,0.017,SN II,0.018197
2021bmv,0.09,0.043,SN IIn,
2021bsv,,0.049,,0.055951
2021cqv,,0.014,,0.120716
2021bvy,,0.026,,0.189613
2021cob,0.078,0.015,SN Iax[02cx-like],0.066864
2021csn,,0.035,,0.195425236986619
2021cso,,0.031,,0.13115104243918
2021ctc,,0.013,,
2020aewm,,0.018,,
2021coc,,0.021,,0.078034
2021ctd,,0.025,,0.16712
2021ctg,,0.012,,0.079186
2021bzk,,0.042,,0.142793
2021ctf,,0.017,,0.251568
2021cte,,0.012,,0.551173
2021dpe,,0.01,,0.172448
2021iux,,0.046,,0.082113
2021cto,,0.038,,0.134681
2021hid,,0.015,,0.106484
2021bzl,,0.036,,0.082806
2021dpi,,0.012,,0.305059
2021dph,,0.013,,0.306654
2021dsp,,0.01,,
2021dsj,,0.046,,0.184049
2021dkz,,0.021,,0.144734
2021hmf,,0.034,,0.01567
2020aapb,,0.026,,0.584901
2020aegj,,0.045,,
2021dda,0.07,0.021,SN Ia-91T-like,0.086501
2020aect,,0.023,,0.166988
2021pi,,0.013,,0.081436
2021ctn,0.0946,0.045,SN Ia-91T-like,0.094355
2021chy,,0.027,,0.035882
2021cuw,,0.023,,
2021dkj,,0.093,,
2021dcu,0.042,0.049,SN Ia,0.03872
2021cjn,,0.068,,0.119707
2021ju,,0.028,,
2021bbc,,0.018,,
2021afi,,0.02,,0.140237
2021atg,,0.016,,0.128362
2021ath,,0.014,,0.04564
2021aox,,0.036,,
2021jr,,0.064,,
2020acsq,,0.042,,0.3114
2020ybc,,0.056,,0.563187
2021dpj,,0.024,,0.140872
2020tlf,0.008463,0.014,SN IIn,0.013384
2021ehh,,0.008,,0.155851
2021ekr,,0.018,,0.141394
2021fwo,,0.022,,
2021dnm,0.046105,0.012,SN Ia,0.069942
2021dsk,,0.017,,0.295853
2021bwv,0.022,0.041,SN II,0.022277
2020pst,0.046,0.032,SN Ia,0.048489
2021jw,0.06,0.061,SN Ic-BL,
2020rmg,0.04,0.022,SN Ia,
2020tzs,0.057,0.049,SN II,0.078867
2020xkt,,0.041,,0.030781
2020zfn,0.038,0.053,SN Ia,0.039772
2020aavd,0.142,0.029,SN Ia,
2020acxg,0.173,0.021,SN Ia-91T-like,
2020uys,,0.017,,
2020lbh,0.015,0.008,SN Ic,0.072034
2020acbc,0.13,0.039,SN Ia,
2020thx,0.084,0.013,SN II,
2020tht,0.053,0.015,SN Ia,
2020uwl,0.093,0.013,SN II,
2020wfg,0.108,0.034,SN Ia,0.098515
2020wux,0.066,0.027,SN Ia,
2020zgc,0.068,0.026,SN Ia,
2020scq,,0.031,,0.134954
2020sjo,0.031141,0.057,SN Ia,
2020abcn,0.0383060016,0.027,SN Ia,0.049341
2021bmu,0.053,0.03,SN Ia-91bg-like,0.066992
2020aeqp,0.06,0.011,SN Ia,0.074833
2021bsr,0.087,0.028,SN Ia-91T-like,0.089393
2021cca,0.085,0.04,SN Ia,0.091228
2021arl,0.069,0.029,SN Ia,0.103895
2020aeqm,0.042,0.032,SN Ia,0.039036
2021cta,0.081,0.023,SN Ia,0.088956
2021agu,0.05,0.029,SN Ia,0.042207
2021us,0.067,0.025,SN Ia,0.088215
2020abim,0.015661,0.026,SN Ia,
2020adkc,0.0917,0.037,SN Ia,0.097514
2021aci,0.09,0.01,SN Ia,0.121204
2021aff,0.051,0.018,SN II,0.054971
2020uaq,0.115,0.031,SN IIn,0.133395
2020zhh,0.04,0.057,SN Ia,
2020rkt,0.103,0.023,SN Ia,0.221255
2020ulz,0.103,0.059,SN Ia,
2020utm,0.044,0.082,SN IIn,
2020vdk,0.074,0.024,SN II,
2020zcp,0.043,0.056,SN Ib,0.035261
2021ekf,,0.037,,
2020zmn,0.019,0.023,LBV,0.037009
2020acwy,,0.04,,
2020zbr,0.091,0.046,SN Ia,
2021at,0.111,0.037,SN Ia-91T-like,0.126165
2020acty,0.047,0.018,SN Ib,0.045172
2021afj,0.097,0.028,SN Ia,0.107605
2020acxb,0.143,0.048,SN Ia,
2021fvg,,0.024,,0.210554
2021ghd,,0.024,,0.690977
2021gnn,,0.029,,0.163246
2021hky,,0.022,,
2021nhq,,0.015,,0.466444
2021gdd,,0.013,,0.059741
2021fwm,0.07,0.041,SN Ia,
2021gji,,0.011,,
2021alq,0.04,0.032,SN II,0.113805
2021hdq,,0.087,,
2021hby,,0.02,,0.943695
2021gpt,,0.037,,0.115272
2020acun,0.021595,0.128,SN II,0.023414
2021foz,0.075,0.011,SN Ia,0.084824
2021gca,,0.008,,
2021gyv,,0.014,,0.388396
2021gno,0.006211,0.03,SN Ib,
2021dib,0.086,0.028,SN I,0.071966
2021hbx,,0.059,,0.100805
2021avi,,0.031,,0.07852
2021cmo,,0.041,,0.131556
2021cox,,0.06,,0.072439
2021gba,0.1,0.059,SN Ia,
2021epm,,0.043,,0.084092
2021gik,,0.038,,0.211467
2021gqc,0.047,0.092,SN Ia,0.050995
2020aekp,0.046,0.027,SN Ia-CSM,0.294856
2021hqa,,0.029,,0.135251
2021ilt,,0.041,,
2021ina,,0.032,,0.423538
2021ied,,0.035,,0.112695
2021dpf,,0.009,,0.255299
2021dpd,,0.033,,0.214456
2021dtf,,0.039,,
2021hdj,,0.023,,0.112592
2021btn,0.083,0.049,SN II,
2021ils,,0.03,,0.569891
2021kdv,,0.01,,
2021inc,0.0777,0.013,SN II,0.073341
2021hzh,,0.023,,
2021hyf,,0.019,,
2021hjj,,0.018,,0.060846
2021hxv,0.078,0.018,SN II,0.084228
2021ilr,,0.091,,
2021isp,,0.024,,0.905144
2021kng,,0.016,,
2021iys,,0.033,,
2021iyr,0.108,0.032,SN Ia,0.066912
2021iyw,,0.024,,0.198122
2021lqx,,0.044,,0.16529
2021iyv,,0.028,,
2021jvt,,0.077,,
2021jlj,,0.03,,0.131619
2021ibg,,0.017,,0.118592
2021hye,,0.018,,0.117447
2021huz,,0.012,,0.11773
2021gis,,0.016,,0.105408
2021ipc,,0.008,,0.560138
2021iyu,,0.035,,
2021ikk,,0.041,,0.113181
2021iyq,,0.046,,0.193584
2021itd,0.081,0.014,SN Ia,0.064573
2021enc,,0.037,,0.098313
2021iqw,,0.028,,0.123856
2021fpp,,0.044,,0.540677
2021iww,,0.035,,0.061721
2021iwx,,0.008,,0.417679
2021jvo,,0.025,,0.227553
2021iwy,,0.032,,0.135326
2021ipg,,0.045,,0.404115
2021iuk,0.08,0.02,SN Ia,
2021jvu,,0.032,,0.162967
2021ifw,,0.026,,0.132115
2021jkd,0.077,0.09,SN Ia,0.080426
2021joy,,0.028,,0.141577
2021iyt,0.0712,0.04,SN Ibn,0.08461
2021jni,,0.033,,
2021iok,0.128,0.087,SN Ia,
2021jof,0.11,0.034,SN Ia-91T-like,0.123184
2021hus,,0.01,,0.053845
2021int,,0.013,,0.314029
2021idh,0.095,0.049,SN Ia,0.091488
2021jkg,,0.078,,
2021gmv,,0.034,,0.296388
2021jze,0.0471,0.039,SN Ia,
2021jzf,0.076,0.066,SN Ia,0.057497
2021joz,,0.036,,0.054373
2021jzh,,0.07,,
2021jzg,,0.095,,0.149766
2021kbk,,0.059,,0.098031
2021kbo,,0.012,,0.072469
2021kbj,0.13,0.038,SN Ia,0.102557
2021kbm,,0.016,,0.159194
2021kcb,,0.009,,0.140196
2021kzc,,0.041,,
2021kkv,,0.037,,0.077829
2021kdb,,0.024,,
2021itp,0.095,0.018,SN Ia-91T-like,0.132392
2021kcc,0.18,0.022,SN Ia,
2021kcz,0.09,0.033,SN II,0.10723
2021kbi,,0.036,,
2020aeyi,,0.018,,0.581271
2021khl,0.063,0.023,SN Ia,0.057667
2021key,,0.019,,0.076882
2021dpg,,0.018,,0.000664
2021ibh,,0.028,,0.088769
2021kfy,0.15,0.016,SN Ia,0.100241
2021jna,,0.03,,0.18475
2021iyp,,0.019,,0.150625
2021kps,,0.025,,
2021isf,,0.012,,0.245898
2021hwj,,0.047,,0.143566
2021jwb,,0.048,,0.0987
2021kbn,,0.01,,0.183208
2021kbl,,0.007,,0.216143
2021kgn,,0.039,,0.094852
2021kms,,0.052,,0.09397
2021kiw,,0.01,,0.085703
2019uit,0.071,0.042,SN IIn,0.0722993219150213
2020ees,0.024424,0.012,SN Ia,0.0167600821251022
2021kor,,0.094,,
2019yyb,0.068,0.021,SN Ia,0.0620800770571087
2020zj,0.03157,0.032,SN Ia,0.246902927976786
2020ue,0.003,0.025,SN Ia,0.119812915165255
2020hr,0.0821,0.02,SN Ia,0.073967455618221
2020azt,0.15,0.02,SN Ia,
2020azh,0.029,0.019,SN II,
2020zx,0.033,0.014,SN II,0.0249179100144461
2019wqf,0.033,0.011,SN Ia,0.036422381891524
2020add,0.108,0.019,SN Ia,0.0794708570046671
2020bcq,0.018,0.013,SN Ib,0.0739746707900581
2020awu,0.065,0.032,Other,0.0763368454583852
2021kmq,,0.071,,
2021kpo,,0.033,,
2021kpq,,0.029,,0.194254
2021kpr,,0.026,,
2021lqw,,0.009,,0.174523
2021lqv,,0.055,,0.169884
2021jvm,,0.033,,0.398175
2021kdd,,0.013,,0.325027
2021krc,0.0445,0.024,SN II,0.035111
2021ley,,0.027,,0.2247
2021kzx,0.089,0.034,SN Ia-91T-like,0.077191
2021lit,,0.033,,
2021lfv,,0.031,,0.179562
2021kpp,,0.008,,0.171188
2021kwa,0.085,0.035,SN Ia,0.092637
2021kyp,0.12,0.015,SN Ia,0.31996
2019tvv,0.026,0.024,SN Ia,0.0384908640561849
2019wmr,0.038,0.011,SN II,0.0365892593810609
2019yvr,0.005,0.021,SN Ib,0.0959364358901627
2020jgl,0.006758,0.06,SN Ia,
2020jny,0.0237,0.026,SN Ia,0.0975101126591281
2020jfo,0.00502,0.019,SN II,0.15734
2020igy,0.031795,0.075,SN Ia,0.0279584661480735
2020neh,0.062,0.038,TDE,0.087425
2020lfi,0.055,0.068,SN II,
2020lrr,0.0275,0.011,SN II,0.041316
2020nxt,,0.065,SN Ibn,0.025369
2020pki,0.028,0.078,SN Ia,
2020nov,0.084,0.097,TDE,
2021krk,,0.025,,
2021lez,,0.105,,
2020sag,0.04,0.051,SN Ia,0.211549
2020sga,0.079,0.079,SN Ia,
2020tjd,0.01,0.029,SN IIb,
2020uxz,0.008246,0.033,SN Ia,0.0374
2020tfc,0.03,0.063,SN Ia,0.050904
2020xua,0.022,0.075,SN II,0.02408
2021kqp,,0.081,,
2021lby,,0.028,,0.125883
2020ytg,0.056,0.061,SN II,0.055394
2020yhn,0.09,0.04,SN Ia,0.048159
2021mmd,,0.032,,0.180718
2020abjq,0.018433,0.022,SN II,0.02592
2020ybn,0.096,0.069,SN IIn,
2020zyy,0.059,0.078,SN Ia-91T-like,
2020zjo,0.082,0.058,SN Ia,0.076548
2020kpz,0.039,0.017,SN II,0.036448
2020aetf,,0.049,,
2020aczd,0.034,0.072,SN II,
2020aafm,0.066,0.014,SN II,0.119068
2021js,,0.057,CV,
2021dbg,0.02,0.027,SN II,
2021gdz,0.022,0.028,SN II,0.14334
2021inl,0.02,0.008,SN Ib-pec,0.024383
2021hiz,0.003319,0.022,SN Ia,0.00989
2021lel,,0.035,,0.097236
2021lra,,0.038,,
2021lru,,0.047,,0.228805
2021lrj,,0.051,,
2021mba,,0.067,,
2021hrj,0.022,0.093,SN Ib,
2021ljb,0.121,0.033,SN Ia,
2021lzg,,0.025,,0.403772
2021kwy,,0.021,,0.108669
2021lik,,0.033,,0.29465
2021luw,,0.031,,0.136175
2021lzh,,0.024,,0.394805
2021lus,,0.018,,0.160634
2021lut,,0.03,,0.142118
2021lhf,,0.021,,0.114746
2021sjw,,0.033,,
2021luu,0.1,0.039,SN Ia,0.146189
2021luv,,0.059,,0.143328
2021lux,,0.015,,0.328457
2021lya,,0.008,,0.06732
2021lta,0.1,0.04,SN Ia,0.14555
2021kxk,,0.023,,0.155583
2021kyv,0.1,0.007,SN,0.086204
2021mgd,0.11,0.019,SN Ia,0.120419
2021lzb,,0.032,,
2021lze,,0.016,,0.311269
2021lzc,0.1,0.095,SN Ia,0.166753
2021mqf,0.083,0.05,SN Ia,
2021sjv,,0.057,,
2021msx,,0.055,,0.430083
2021liv,,0.027,,0.227647
2021log,0.142,0.035,SN Ia,0.122144
2021mga,,0.027,,0.53754
2021mgc,0.083,0.034,SN Ia,0.106803
2021mfz,,0.087,,0.223348
2021low,0.021958,0.021,SN Ia,0.008912
2021mfx,,0.033,,0.174138
2021bbz,0.023,0.02,SN Ia,0.024021
2021mfy,0.087,0.018,SN Ia,0.084275
2021naw,,0.02,,
2021mge,,0.031,,0.142532
2021lgq,,0.096,,
2021mms,,0.016,,
2021sjr,,0.035,,
2021mpm,,0.017,,
2021lxb,0.0259,0.008,SN Ia,0.018274
2021kbx,,0.014,,0.199751
2021biy,0.002021,0.015,LRN,
2021mim,0.03812,0.041,SN Ia,
2021mxv,,0.037,,
2021mwb,0.043,0.019,SN Ia,
2021mxw,,0.027,,
2021qxv,0.183,0.108,TDE,
2021nsm,,0.019,,
2021mqr,,0.027,,
2021nsk,,0.071,,
2021nsl,,0.061,,
2021nsi,0.13,0.065,SN Ia,
2021qxm,,0.057,,
2021nsh,0.083,0.096,SN Ia,
2021lgc,,0.054,,
2021nsg,,0.088,,
2020abah,,0.02,,
2021oek,,0.036,,
2021nsf,,0.016,,
2021mwc,,0.036,,
2021nmk,,0.028,,
2021nse,,0.021,,
2021nuh,,0.03,,
2021nug,,0.024,,
2021nxq,0.15,0.012,SLSN-I,
2021sjx,,0.061,,
2021ort,,0.009,,
2021nip,0.033,0.045,SN II,
2021oas,,0.027,,
2021oaq,,0.028,,
2021nyt,0.064524,0.027,SN Ia,
2021oau,,0.024,,
2021gwa,0.07036,0.041,SN Ia,
2021oax,,0.063,,
2021rgb,,0.043,,
2021oav,,0.033,,
2021oaw,0.084095,0.025,SN Ia,
2021sou,,0.017,,
2021hem,0.035,0.051,SN Ia,0.025616
2021ovd,,0.014,,
2021oat,0.02252,0.009,SN Ia,
2021pci,0.070246,0.038,SN Ia,
2021nma,,0.038,,
2021nra,,0.011,,
2021obg,,0.094,,
2021ofa,,0.056,,
2021ofo,,0.03,,
2021orm,0.07408,0.06,SN Ia,
2021pbf,0.07,0.072,SN Ia,
2021ofq,0.12,0.011,SN Ia,
2021oar,,0.014,,
2021ofz,,0.019,,
2021nue,0.036,0.067,SN II,
2021wms,,0.09,,
2021qxh,,0.031,,
2021scp,,0.049,,
2021pby,0.03,0.095,SN Ia,
2021pca,,0.041,,
2021pqw,,0.022,,
2021wnb,,0.054,,
2021psj,,0.016,,
2021qbv,,0.04,,
2021pyl,,0.033,,
2021qxi,,0.064,,
2021pkz,0.009316,0.029,SN Ia,
2021oez,0.039074,0.046,SN Ia,
2021qbx,,0.09,,
2021pyk,,0.013,,
2021pgu,,0.01,,
2021pti,,0.043,,
2021pzh,,0.035,,
2021qxj,,0.028,,
2021fui,,0.034,,0.33406
2021cdn,,0.042,,
2021pfs,0.008733,0.024,SN Ia,
2021qas,0.09,0.04,SN Ia,
2021qsr,,0.075,,
2021rga,,0.041,,
2021rkd,,0.049,,
2021qxl,,0.031,,
2021quj,,0.035,,
2021qxk,,0.061,,
2021oov,,0.052,,
2021lhi,,0.039,,
2021qxn,,0.056,,
2021wmz,,0.057,,
2021qxo,,0.123,,
2021qqo,0.0234,0.019,SN Ia,
2021mgl,,0.033,,
2021qxp,,0.037,,
2021qxq,0.0886,0.037,SN Ia,
2021ojn,0.08,0.012,SN Ia,
2021qxu,0.038,0.057,SN Ia,
2021qgl,,0.05,,
2021reh,,0.014,,
2021pnp,0.03,0.01,SN IIb,
2021qvr,0.011639,0.042,SN II,
2021rgg,,0.033,,
2021kwh,,0.063,,
2021swd,,0.02,,
2021rem,0.03,0.037,SN II,
2021pcn,,0.031,,
2021qes,0.04,0.066,SN II,
2021qyb,,0.036,,
2021rbc,,0.176,,
2021qed,,0.077,,
2021qua,0.071,0.038,SN Ia-91T-like,
2021pzl,,0.023,,
2021rgc,,0.091,,
2021rge,,0.022,,
2021rgd,,0.031,,
2021rgh,,0.028,,
2021rgf,,0.009,,
2021wmy,,0.081,,
2021shf,,0.07,,
2021rkc,,0.03,,
2021qve,0.034551,0.009,SN Ia,
2021rui,,0.105,,
2021scl,,0.034,,
2021snh,,0.044,,
2021sjq,,0.037,,
2021ryz,0.021612,0.126,SN Ia,
2021ogq,,0.062,,
2021scr,,0.035,,
2021scs,,0.042,,
2021scq,,0.043,,
2021scu,,0.029,,
2021shc,,0.036,,
2021thk,,0.038,,
2021sev,0.0511,0.01,SN II,
2021sgo,,0.079,,
2021shd,,0.041,,
2021she,,0.03,,
2021sjn,,0.025,,
2021ski,,0.012,,
2020abvg,0.043,0.018,SN Ia,
2020tfy,0.23,0.096,SN Ia,0.266846
2020jev,0.005,0.011,LBV,0.120866611280314
2020aajf,0.07,0.03,SN Ia,
2021cly,0.037,0.073,SN Ib,
2021pj,0.042,0.019,SN II,0.369153352492009
2021bpq,0.1,0.02,SN Ia,0.098906
2021jvl,0.1594,0.052,SN II,0.071032
2021ihp,0.039,0.037,SN II,0.060989
2021dha,0.08,0.032,SN Ia,0.056985
2021frk,0.132,0.02,SN Ia,
2021jox,0.17,0.027,SN Ia,0.178171
2021fom,0.09,0.022,SN Ia,
2021gyh,0.08,0.025,SN Ia,0.074701
2021eng,0.079,0.046,SN Ia,0.07895
2020aeeg,0.05,0.036,SN II,0.061853
2021hlp,0.065,0.037,SN Ia,
2021fsb,0.0535,0.041,SN IIb,0.069641
2021gcv,,0.01,,0.122153
2021hol,0.084,0.012,SN Ia,0.095428
2021bmb,0.0375,0.015,SN Ia,0.108109
2021fnt,0.0358,0.009,SN Ia,0.04079
2021bsf,0.0237,0.027,SN Ia,0.076776
2021gfv,0.111,0.045,SN Ia,0.120782
2021hca,0.13,0.021,SN Ia,0.240885
2020xsy,,0.039,,0.048841
2021hud,0.047469,0.043,SN II,0.050888
2021ccl,0.090356,0.017,SN Ia,0.071997
2021dpw,0.08,0.019,SN Ia,
2021gel,0.06,0.015,SN Ia-91bg-like,0.069707
2021gez,0.03206,0.044,SN Ia,0.045408
2020xqb,0.037,0.052,SN Ia,0.144173
2020esm,0.036,0.021,SN IIP,
2020twp,0.074,0.087,SN Ic,0.192847
2020oi,0.0052,0.023,SN Ic,0.0276513122869118
2021rmq,,0.016,,
2021mzk,,0.049,,
2021qzi,0.027365,0.052,SN II,
2021sox,,0.04,,
2021sld,0.104,0.079,SN Ia,
2021smp,,0.142,,
2021sft,,0.057,,
2021sje,,0.036,,
2021smj,0.00424299994,0.026,SN Ia,
2021sfe,,0.056,,
2021tjj,,0.129,,
2021swc,,0.033,,
2021nlj,0.089,0.02,SN Ia,
2021thj,,0.064,,
2021tjh,,0.017,,
2021tfw,,0.081,,
2021sne,,0.032,,
2021pde,0.049797,0.049,SN Ia,
2021tex,,0.049,,
2021skm,0.0314729996,0.07,SN II,
2021tci,,0.043,,
2021sve,0.0543,0.023,SN Ia,
2021tjt,,0.02,,
2021wmx,,0.012,,
2021wmw,,0.022,,
2021tji,,0.074,,
2021sdy,,0.04,,
2021tom,,0.06,,
2021sil,,0.015,,
2021too,0.07,0.054,SN Ic-BL,
2021rdf,0.109,0.028,SN Ia,
2021rfd,,0.03,,
2021rgs,0.064,0.026,SN Ia,
2021rpr,,0.076,,
2021rqo,,0.075,,
2021sgk,,0.087,,
2021sqj,,0.096,,
2021tvn,,0.045,,
2021tua,,0.052,,
2021tvz,,0.031,,
2021vgl,,0.041,,
2021rbq,,0.029,,
2021rfz,,0.079,,
2021tfr,,0.096,,
2021ueu,,0.031,,
2021uch,,0.02,,
2021tsj,0.077,0.037,SN Ia,
2021tup,0.12,0.089,SN Ia,
2021qxr,0.09,0.023,SN Ia,
2021owa,,0.046,,
2021uwq,,0.023,,
2021uhf,,0.037,,
2021uiq,0.126,0.045,SN Ia-91T-like,
2021uip,,0.073,,
2021vml,,0.029,,
2021wmv,,0.019,,
2021wmu,,0.038,,
2021uwj,,0.025,,
2020ftl,0.0073,0.016,SN Ia,0.0188966778087198
2020fqv,0.007522,0.028,SN IIb,0.010120261807714
2021do,0.009346,0.021,SN Ic,
2020acct,0.035,0.026,SN IIn,0.028055
2020zmi,0.019607,0.075,SN Ia,0.019335
2020pni,0.01687,0.017,SN II,0.025772
2021dov,0.012,0.03,SN Ia,0.030852
2021uhl,0.07521,0.086,SN Ia,
2021sat,,0.015,,
2021ukf,0.038,0.019,SN II,
2021tux,0.03,0.012,SN Ib,
2021ufx,,0.038,,
2021tol,0.04,0.044,SN Ia,
2021tks,0.065,0.022,SN Ia,
2021uww,,0.041,,
2021vmm,0.1,0.101,SN Ia,
2021tpb,,0.02,,
2021qht,,0.017,,
2021vas,,0.028,,
2021txi,,0.031,,
2021qzp,0.02,0.015,SN Ib/c,
2021vaw,0.11,0.049,SN Ia,
2021vcg,,0.028,,
2021udc,0.035,0.079,SN IIb,
2021uyq,0.081,0.065,SN Ia,
2021suq,,0.014,,
2021vcz,0.108,0.031,SN Ia,
2021wlq,,0.021,,
2021uxn,,0.017,,
2021wmp,,0.05,,
2021vjf,,0.033,,
2021sff,,0.025,,
2021wmq,,0.032,,
2021vwz,,0.014,,
2021wlt,,0.015,,
2021wmr,,0.034,,
2021wlr,,0.03,,
2021wlu,,0.024,,
2021vwf,,0.034,,
2021wlv,,0.02,,
2021pc,0.016348,0.037,SN Ia,
2021vjk,,0.093,,
2021vvw,,0.142,,
2021wls,,0.052,,
2021uqw,0.02802,0.074,SN II,
2021vjs,,0.048,,
2021vjt,,0.032,,
2021wlp,,0.034,,
2021wtv,,0.052,,
2021wuc,,0.057,,
2021vqm,,0.099,,
2021pgm,,0.049,,
2021wlo,,0.029,,
2021utd,,0.027,,
2021wln,,0.047,,
2021vtq,0.0208,0.016,SN Ia,
2021sjz,,0.02,,
2021rhu,0.003506,0.038,SN Ia,
2021wlm,,0.078,,
2021wmo,,0.02,,
2021vgn,0.0323409997,0.014,SN II,
2021wfg,0.079,0.082,SN Ia,
2021wrt,0.081,0.047,SN Ia,
2021vku,0.097,0.056,SN Ia,
2021whv,0.03,0.063,SN II,
2021vrt,0.035,0.074,SN II,
2021hpr,0.009346,0.021,SN Ia,
2021wjs,,0.06,,
2021upd,,0.025,,
2021tqq,0.09,0.032,SN Ia,
2021unv,,0.024,,
2021vri,0.102,0.029,SN Ia,
2021wug,,0.034,,
2021wtu,,0.015,,
2021wub,,0.027,,
2021wue,0.08,0.031,SN Ia-91T-like,
2021wvw,0.0099,0.245,SN II,
2021wxz,,0.106,,
2021qvo,0.05,0.065,SN Ia,
2020opy,,0.056,,0.123422
2021wbn,,0.026,,
2021xbd,,0.019,,
2020sgf,0.02208,0.181,SN Ic,
2021tjk,,0.062,,
2021wmt,,0.034,,
2021uil,,0.026,,
2021ulp,,0.053,,
2021urb,0.127,0.03,SN Ic,
2021vzt,,0.027,,
2021wlz,,0.038,,
2021wog,,0.095,,
2021xdd,,0.035,,
2021xhy,,0.033,,
2021xin,,0.084,,
2021xix,,0.101,,
2021xjc,,0.027,,
2020icx,,0.033,,0.132684739179614
2020iep,,0.025,,0.123676271146446
2020int,,0.02,,0.0760953022748415
2020iyg,,0.024,,0.142823015178252
2020jdg,,0.013,,0.119972723290838
2020jjp,,0.027,,0.112234785397085
2020jwr,,0.018,,0.189298
2020jwb,,0.071,,
2020jyi,,0.071,,
2020jzp,,0.019,,0.078067
2020kjp,,0.021,,0.608773
2020kql,,0.011,,
2020lbi,,0.045,,0.055839
2020lky,,0.023,,0.203289
2020ltr,,0.021,,0.150982
2020lvr,,0.016,,0.610309
2020lxc,,0.05,,0.137184
2020lyb,,0.044,,0.034999
2020lzk,,0.032,,0.045364
2020lzp,,0.03,,
2020mgm,,0.118,,0.061962
2020mqf,,0.031,,0.539056
2020mth,,0.084,,
2020nbj,,0.025,,0.375344
2020ngu,,0.04,,0.113667
2020njo,,0.04,,0.194286
2020nki,,0.018,,0.078602
2020nlo,,0.033,,0.501123
2020nxl,,0.03,,0.074856
2020qvo,,0.058,,0.071336
2020qwi,,0.016,,0.428486
2020qzo,,0.031,,0.119776
2020rcp,,0.029,,0.194526
2020rfx,,0.027,,
2020roe,,0.027,,0.141263
2020rxp,,0.029,,0.102536
2020qwb,0.0711,0.066,SN Ia,0.057772
2020ssq,,0.053,,
2020ted,,0.045,,0.113101
2020trr,,0.039,,
2020tvb,,0.062,,0.131502
2020tvh,,0.034,,
2020ubu,0.08,0.027,SN Ia,
2020uvs,,0.028,,0.090124
2020tug,0.05,0.025,SN Ia,0.046114
2020van,,0.039,,
2020vdd,,0.029,,
2020vij,,0.039,,0.597486
2020vik,,0.022,,0.191369
2020vmr,,0.056,,
2020vom,,0.024,,
2020voy,,0.016,,
2020vpn,,0.044,,0.099605
2020vpz,,0.101,,
2020vra,,0.034,,0.333965
2020vta,,0.039,,
2020vuc,,0.02,,
2020vvj,,0.073,,0.085534
2020vuy,,0.022,,0.52987
2020vvf,,0.044,,
2020wdl,,0.034,,
2020vvp,,0.054,,0.37314
2020whk,,0.032,,0.15628
2020wif,,0.029,,
2020wkr,,0.07,,
2020wlj,,0.095,,0.214771
2020wmg,,0.014,,
2020umf,,0.046,,0.07569
2020xmv,,0.04,,0.446046
2020xkn,,0.02,,0.154225
2020ybp,,0.029,,
2020shc,,0.038,,0.035183
2020yhi,,0.039,,0.101194
2020yhw,,0.053,,0.052836
2020zcn,,0.055,,0.08642
2020pri,,0.015,,
2020zoj,,0.036,,0.156823
2020zol,,0.085,,0.377056
2020zpz,,0.06,,0.155152
2020zyj,,0.039,,0.162882
2020zzp,,0.044,,0.513955
2020aalu,,0.025,,0.623156
2020aamr,,0.022,,0.236526
2020aamu,,0.031,,0.235163
2020xyo,,0.03,,0.421498
2020aarz,,0.021,,
2020zke,,0.038,,0.106333
2020abhi,,0.029,,0.440014
2020aawu,,0.021,,0.087721
2020aawv,,0.019,,0.097934
2020abjb,,0.058,,
2020absw,,0.009,,
2020abtm,,0.074,,0.085529
2020abvu,,0.043,,
2020abzl,,0.014,,
2020tnu,,0.03,,0.057808
2020accg,,0.035,,
2020acjk,,0.035,,0.158182
2020acki,,0.017,,
2020acmi,0.055,0.009,SN Ia,
2020acgk,,0.037,,0.0168414839155674
2020aauu,,0.016,,0.079189
2020aaws,,0.027,,0.08528
2020acqi,,0.044,,0.288239
2020acqs,,0.023,,0.030884
2020abkf,0.04741,0.019,SN Ia,0.01593
2020acin,,0.026,,
2020abul,,0.021,,0.085041
2020abix,,0.02,,0.045668
2020acxm,,0.028,,0.19074
2020aczc,,0.101,,
2020abkv,,0.014,,0.411378
2020adcd,,0.031,,0.368293
2020addc,,0.052,,
2020addt,,0.071,,
2020addx,,0.034,,
2020adfl,,0.044,,0.079426
2020adfo,,0.019,,0.098253
2019wog,,0.02,,0.478398
2020acra,,0.052,,
2020adsw,,0.041,,
2020adza,,0.013,,0.35196
2020aeav,,0.013,,0.525509
2021sl,,0.039,,
2021sa,,0.048,,0.190409
2019zlc,,0.0338,,0.0800578018814354
2020aefv,,0.031,,
2020aeid,,0.023,,0.234178
2020aevf,,0.09,,
2020aeie,,0.025,,0.303467
2021abj,,0.048,,0.548391
2020aefy,,0.055,,0.066028
2021amm,,0.018,,0.113008
2021aon,,0.049,,0.605034
2021aql,,0.026,,0.381399
2020aehy,,0.066,,
2021bcr,,0.017,,0.168676
2021bei,,0.015,,0.482933
2021bnn,,0.028,,
2021buh,,0.041,,0.072284
2021amq,,0.067,,0.144607
2021iky,,0.015,,0.396093
2021bui,,0.051,,0.091929
2021dmu,,0.017,,0.141763
2021cb,,0.024,,0.097054
2021ljt,,0.016,,0.508125
2021eot,,0.019,,0.400224
2020thr,,0.053,,
2021frp,,0.019,,0.14637
2021gqu,,0.014,,0.020547
2021ijg,,0.013,,0.436849
2021ita,0.154,0.022,SN Ia,0.018926
2017fgc,0.008,0.0294319926947355,SN Ia,0.0111536474146087
2021frr,,0.037,,
2020ymn,,0.07,,0.107531
2020aboh,0.007,0.017,SN,0.185541
2021lsx,,0.013,,0.087627
2021oal,0.09778,0.044,SN Ia,
2021psl,,0.013,,
2021pte,,0.015,,
2021ptd,,0.069,,
2021ptb,,0.009,,
2021ptl,,0.103,,
2021ptk,,0.012,,
2021put,,0.014,,
2021puj,,0.034,,
2021puf,,0.009,,
2021pvh,,0.034,,
2021pvb,,0.024,,
2021pvw,,0.023,,
2021pwt,,0.029,,
2021pwp,,0.031,,
2021pyg,,0.012,,
2021pyn,,0.044,,
2021pzs,,0.041,,
2021qbd,1.1345,0.038,,
2021qfl,,0.019,,
2021qfj,,0.031,,
2021qgi,,0.041,,
2021qgy,,0.021,,
2021qgw,,0.059,,
2021qhg,,0.053,,
2021qjs,,0.079,,
2021qjh,,0.031,,
2021qkr,,0.044,,
2021qmd,,0.033,,
2021qls,,0.04,,
2021qol,,0.085,,
2021qoc,,0.081,,
2021qrm,,0.029,,
2021qsm,,0.068,,
2021qsi,,0.068,,
2021qtt,,0.111,,
2021qxd,,0.084,,
2021rfm,,0.049,,
2021rmi,,0.014,,
2021rnl,,0.068,,
2021rpe,,0.082,,
2021rpa,,0.053,,
2021rqy,,0.066,,
2021rxk,,0.066,,
2021seu,0.06,0.015,Other,
2021sit,,0.138,,
2021snp,,0.061,,
2021srs,,0.044,,
2021rof,,0.077,,
2021rrc,,0.036,,
2021rxa,,0.039,,
2021ugv,,0.067,,
2021und,,0.024,,
2021uqi,,0.068,,
2021ust,,0.042,,
2021uws,,0.06,,
2021van,,0.02,,
2021vbs,,0.059,,
2021vbq,,0.024,,
2021vhk,,0.046,,
2021vqz,,0.081,,
2021vxb,,0.027,,
2021vym,0.076079,0.044,SN Ia,
2021wbk,,0.021,,
2021weg,,0.026,,
2021wio,,0.042,,
2020zpi,0.03726,0.029,SN Ia,0.025848
2021wkl,,0.016,,
2021wli,,0.067,,
2021woc,,0.08,,
2021wqr,,0.092,,
2021xct,,0.069,,
2021xei,,0.06,,
2021xgh,,0.028,,
2021xgi,,0.018,,
2021xic,,0.076,,
