name,transient_RA,transient_Dec,status,disc_date,spec_class,transient_z,host_photo_z
2019uwl,141.9479637,31.96839081,Ignore,11/25/19 0:00,,,0.020531935
2019unp,142.3974685,35.28974519,Ignore,11/25/19 0:00,,,0.109189365
2019ppi,133.8974766,49.16025876,Ignore,11/25/19 0:00,SN II,0.052,0.099173595
2019wcb,114.5032152,39.7074214,Ignore,11/26/19 0:00,,,0.104522569
2019wca,145.1920264,-8.478499964,Ignore,11/27/19 0:00,,,
2019zie,118.6804381,41.17830723,Ignore,11/26/19 0:00,,,0.238332862
2019vuz,112.3099862,42.07694402,Ignore,11/29/19 0:00,,,0.32851908
2019wby,114.2908815,42.20574549,Ignore,11/29/19 0:00,,,0.255165766
2019ubp,140.0740872,-2.784340335,Ignore,11/30/19 0:00,,,0.308692084
2019szh,147.1762096,-8.734391666,Ignore,11/30/19 0:00,SN Ia,0.047776,0.096121992
2019wcc,112.4003885,42.10815623,Ignore,11/26/19 0:00,,,0.10434266
2019unz,140.0345596,-4.223746328,Ignore,12/3/19 0:00,,,0.088599987
2019yui,141.1896489,-4.366145537,Ignore,12/3/19 0:00,,,0.040514971
2019wcf,140.301192,31.61724562,Ignore,12/4/19 0:00,,,0.048419358
2019uev,142.7064715,30.87184314,Ignore,12/4/19 0:00,,,0.062080077
2019wvg,128.228585,49.02885495,Ignore,12/10/19 0:00,,,0.112047575
2019cll,134.290111,-3.341527587,Ignore,12/12/19 0:00,,,
2019xbj,148.8127425,3.846365142,Ignore,12/20/19 0:00,,,0.132900471
2019zim,149.1625101,6.595217188,Ignore,12/20/19 0:00,,,0.183476795
2019wkf,173.0238478,13.3095,Ignore,12/24/19 0:00,,,0.088132859
2019zit,185.9862869,8.18787204,Ignore,12/24/19 0:00,,,0.078129364
2019yua,160.7899851,-1.256823648,Ignore,12/24/19 0:00,,,0.073324032
2019yub,187.472324,11.67523468,Ignore,12/24/19 15:08,,,0.069491902
2019yuc,160.5942623,-1.004350371,Ignore,12/24/19 0:00,,,0.084061905
2019ulo,133.2780151,-6.32966569,Ignore,12/24/19 0:00,,,0.021419269
2019zno,174.660766,13.69688378,Ignore,12/24/19 0:00,,,0.197085035
2019yue,145.0109891,-8.559569087,Ignore,12/24/19 0:00,,,
2019yuh,162.6844318,-4.15477768,Ignore,12/24/19 0:00,,,
2019yuf,173.3987917,10.98087675,Ignore,12/24/19 0:00,SN Ic,0.1,0.106920124
2019zio,157.5482831,-4.30118954,Ignore,12/24/19 0:00,,,
2019ziw,158.8944181,-1.657373052,Ignore,12/27/19 0:00,,,0.337345257
2019ytc,144.6357431,-10.17759068,Ignore,12/31/19 0:00,,,
2019yuj,160.3010966,-2.138911433,Ignore,12/27/19 0:00,,,0.115446294
2019zgp,55.23248773,-5.361981949,Ignore,12/29/19 0:00,,,0.217212507
2019zsy,187.0159275,8.458946951,Ignore,12/30/19 0:00,,,0.167095839
2019ziy,158.2604503,-0.700017941,Ignore,12/30/19 0:00,,,0.240637805
2019zix,161.7373509,-2.899352984,Ignore,12/30/19 0:00,,,0.514694
2019zha,154.3956892,-4.012472841,Ignore,12/31/19 0:00,,,
2019zfl,50.29589326,-1.008040955,Ignore,12/31/19 0:00,,,0.16072571
2019wka,48.66728091,-0.871311993,Ignore,1/1/20 0:00,SN Ia,0.04,0.158414904
2019zja,48.66012462,-1.340847566,Ignore,12/31/19 0:00,,,
2019aaax,154.9947307,-3.107074073,Ignore,12/31/19 0:00,,,0.357821614
2019zsz,48.07980272,-4.293986174,Ignore,12/31/19 0:00,,,0.069491902
2019uez,51.17253886,-0.68140906,Ignore,1/1/20 0:00,SN II,0.039,0.027278316
2019zcp,185.1907873,9.335421174,Ignore,1/1/20 0:00,,,0.325360708
2019ucc,49.64213533,-4.429428949,Ignore,1/1/20 0:00,,,
2019yiz,54.89459423,-5.281650349,Ignore,1/1/20 0:00,,,0.047592104
2019zqa,153.3030917,1.648056866,Ignore,1/1/20 0:00,,,0.106920124
2019zrf,161.3575269,-5.367436681,Ignore,1/2/20 0:00,,,
2019zre,170.5493045,9.979284309,Ignore,1/2/20 0:00,,,0.078129364
2019yjl,172.617645,10.26909231,Ignore,1/2/20 0:00,,,0.083948964
2019yih,136.8222846,-6.188904041,Ignore,1/2/20 0:00,,,0.236627857
2020fo,136.8706199,-7.315834307,Ignore,1/2/20 0:00,,,0.079470857
2020bct,133.8789564,1.313426947,Ignore,1/2/20 0:00,,,0.138747702
2020abw,153.2363642,6.787800266,Ignore,1/17/20 0:00,,,0.112047574
2020abm,151.6780045,3.175976231,Ignore,1/17/20 0:00,,,0.178963133
2020adc,162.7007528,-3.463971644,Ignore,1/17/20 0:00,,,0.195684937
2020pf,186.5195814,12.45990261,Ignore,1/18/20 0:00,SN Ia,0.095,0.125662099
2020agv,55.42483495,-3.922991417,Ignore,1/18/20 0:00,,,
2020oa,197.3727164,7.54537916,Ignore,1/19/20 0:00,,,0.130326123
2019yfu,191.4015103,1.183636643,Ignore,1/19/20 0:00,SN Ia,0.0845,0.096614507
2020bii,194.713203,6.509194012,Ignore,1/19/20 0:00,,,0.306815241
2020bte,196.2675719,4.7561551,Ignore,1/19/20 0:00,,,0.171422337
2020btd,193.0750066,5.469888998,Ignore,1/19/20 0:00,,,0.599006
2020btg,196.7240964,3.894338066,Ignore,1/19/20 0:00,,,0.333208527
2020alw,145.9203317,33.67903868,FollowupFinished,1/19/20 10:27,,,0.143632331
2020apu,190.3208126,8.953855223,Ignore,1/20/20 0:00,,,0.117033524
2020bso,183.9343622,12.12896634,Ignore,1/20/20 0:00,,,0.104552171
2020bsk,189.3564815,9.650360031,Ignore,1/20/20 0:00,,,0.10434266
2020ej,241.6963688,20.5380049,Ignore,1/20/20 0:00,SN II,0.03333,0.035616484
2020aly,208.0411706,32.43694467,Ignore,1/21/20 0:00,,,0.043324179
2020alz,200.7956899,34.86211684,Ignore,1/21/20 0:00,,,0.100181629
2020bta,203.4387805,35.14902124,Ignore,1/21/20 0:00,,,0.350014155
2020alx,174.646015,10.33729479,Ignore,1/21/20 0:00,,,0.178963133
2020grz,162.7628875,-3.928511111,Ignore,58:04.8,,,0.312003506
2020amc,160.8066191,-3.703726661,Ignore,1/21/20 0:00,,,0.102633897
2020amb,161.8900803,-4.025332771,Ignore,1/21/20 0:00,,,
2020bth,153.5897299,2.763680941,Ignore,1/21/20 0:00,,,0.159633567
2020akx,194.9128481,-5.096549965,Ignore,1/22/20 0:00,,,0.374540514
2020rw,194.0040013,-0.054387333,Ignore,1/22/20 0:00,,,0.097164738
2020anl,195.8501419,-3.500934743,Ignore,1/22/20 0:00,,,0.086033727
2020anm,193.1372246,-5.533001486,Ignore,1/22/20 0:00,,,
2020amg,204.9063658,30.80591921,Ignore,1/23/20 0:00,,,0.098449713
2020aov,180.8988889,21.13068952,Ignore,1/23/20 0:00,,,0.51358
2020apf,189.8223438,-1.507323396,Ignore,1/22/20 0:00,,,0.095807941
2020aot,195.8989962,5.442134179,Ignore,1/23/20 0:00,,,0.179468973
2019aaag,187.2620651,12.71833096,Ignore,1/23/20 0:00,,,0.212291685
2020aql,142.1421416,24.38195585,Ignore,1/22/20 0:00,,,0.07017098
2020aqn,187.7679519,7.975589804,Ignore,1/22/20 0:00,,,0.186223274
2020byd,152.6543556,7.00208522,Ignore,1/23/20 0:00,,,0.450577
2020bye,158.1284307,-4.150275781,Ignore,1/23/20 0:00,,,
2020bya,178.6399528,20.20321694,Interesting,1/23/20 13:29,,,0.131151042
2020ara,150.9172114,-11.82469397,Ignore,1/24/20 0:00,,,
2020byf,139.3722262,-6.125733606,Ignore,1/24/20 0:00,,,
2020byg,147.6116685,-8.312453721,Ignore,1/24/20 0:00,,,
2020awv,201.1570963,31.83219531,Ignore,1/25/20 0:00,,,0.230854463
2020aww,132.9706463,50.41140121,Ignore,1/25/20 0:00,,,0.087452337
2019zag,128.1940436,50.39161792,Ignore,1/25/20 0:00,,,0.096121992
2020aym,137.2370014,28.63286458,Ignore,1/26/20 0:00,,,0.19969719
2019wyp,196.6545777,16.59137241,Ignore,1/26/20 0:00,SN Ia,0.081,0.088132859
2020azn,141.9185198,35.53007503,Ignore,1/26/20 0:00,SN Ia,0.14,0.217516125
2020azp,194.4879167,-1.889885566,Ignore,1/26/20 0:00,,,0.038490875
2020azx,145.9684558,32.16406127,Ignore,1/26/20 0:00,,,0.143926025
2020eol,137.6789807,24.79166857,Ignore,1/26/20 0:00,,,0.151643292
2020bkw,143.1722379,31.90976801,Ignore,1/29/20 0:00,,,0.02504837
2019lbi,190.0880037,1.274001555,Ignore,1/19/20 0:00,SN II,0.013,0.036589259
2020ahd,194.2482113,19.70395587,Ignore,1/29/20 0:00,,,0.071790159
2020bkv,195.0644694,5.364795395,Ignore,1/29/20 0:00,,,0.103192914
2020biq,119.2415787,40.87332436,Ignore,1/28/20 0:00,,,0.073967456
2020bam,121.3077729,40.8401028,Ignore,1/23/20 6:25,,,0.312649338
2020bnw,147.6828432,35.68859667,Ignore,1/31/20 0:00,,,0.307062519
2020dtk,197.8663216,-4.360973784,Ignore,2/3/20 0:00,,,
2020bvx,196.6320756,2.780740249,Ignore,2/4/20 0:00,,,0.299433
2020bxc,147.9538187,34.12318402,Ignore,1/31/20 11:48,,,0.093814226
2020clh,150.8182477,-11.25032483,Ignore,2/5/20 0:00,,,
2019aabv,147.5874491,32.02894335,Ignore,2/5/20 0:00,,,0.305963533
2020dxa,239.6795473,26.81934321,Ignore,3/3/20 14:38,SN Ia,,0.013670378
2020dbd,142.9886877,33.20965794,Ignore,3/10/20 0:00,SN II,0.042335,0.042904829
2020bwr,248.7472213,36.20767197,Ignore,3/10/20 0:00,SN II,0.060637,0.063639174
2020dwq,241.7391133,32.52926835,Ignore,3/10/20 0:00,,,0.133270014
2020dvu,228.3828231,0.351692155,Ignore,3/10/20 0:00,,,0.140458394
2020duv,241.2557682,27.26027844,Ignore,3/10/20 0:00,SN Ia-91T-like,0.04567,0.053977386
2020dwg,239.6033467,32.96892102,Ignore,3/10/20 0:00,SN Ia,0.048,0.038923239
2020dvl,229.0480945,0.079529691,Ignore,3/10/20 0:00,,,0.143555087
2020ejj,246.3140547,25.38285686,Ignore,3/10/20 0:00,,,0.073277913
2020ejl,232.7193981,-4.099850987,Ignore,3/10/20 0:00,,,
2020hau,240.7672205,27.65523909,Ignore,3/10/20 0:00,,,0.106072806
2020ebc,155.2289024,3.864089802,Ignore,3/11/20 0:00,,,0.124876414
2020elu,185.2913425,20.23536538,Ignore,54:43.2,,,0.37560034
2020elt,185.4414975,19.70059526,Ignore,54:43.2,,,0.130938599
2020ebm,169.8147455,10.11985335,Ignore,3/21/20 0:00,,,0.126743139
2020dec,187.1409576,7.450764953,Ignore,3/21/20 0:00,,,0.076656204
2020dyc,219.9750259,-7.68829304,Ignore,3/21/20 0:00,SN Ia,0.07,
2020hav,209.3559644,31.21005064,Ignore,44:38.4,,,
2020eqz,207.4705077,35.57786609,Ignore,3/21/20 12:43,,,0.105833103
2020era,207.5448466,34.86378723,Ignore,3/21/20 12:43,,,0.170211675
2020eta,138.2399528,36.18636473,Ignore,3/22/20 0:00,,,0.113306623
2020eci,230.8120517,0.064954208,Ignore,3/23/20 0:00,SN Ia,0.069,0.070330667
2020ghs,236.4551156,17.22522085,Ignore,17:16.8,,,
2020evr,192.3872128,20.05160785,Ignore,3/23/20 0:00,,,0.066046931
2020ghr,236.1551976,17.65445195,Ignore,17:16.8,,,0.756533
2020evl,249.8436386,35.31607041,Ignore,3/23/20 13:47,,,0.532613
2020evt,229.0767086,0.10051621,Ignore,3/23/20 0:00,,,0.128029017
2020evp,192.8262664,3.882171799,Ignore,3/23/20 0:00,,,0.141272297
2020evq,197.7114257,6.913441686,Ignore,3/23/20 0:00,,,0.105360216
2020evu,238.1204487,24.49411844,Ignore,3/23/20 0:00,SN Ia,0.0581,0.142050264
2020evo,193.5176904,5.939374233,Ignore,43:40.8,,,0.110530146
2020erx,155.2388897,-2.87699803,Ignore,44:09.6,,,0.117781926
2020eru,157.8472067,-3.12026511,Ignore,3/24/20 0:00,,,0.207539206
2020eyv,148.57644,2.741050443,Ignore,3/24/20 0:00,,,0.050857273
2020eyu,155.3997611,4.022903434,Ignore,12:28.8,,,0.107325498
2020eyt,151.0129457,3.129941647,Ignore,3/24/20 0:00,,,0.501579
2020far,231.0786398,10.47038574,Ignore,42:43.2,,,0.279672845
2020azk,195.699707,-5.041728543,FollowupFinished,1/26/20 0:00,SN Ib,0.087,0.116819035
2020fc,154.8973227,6.3284694,FollowupFinished,1/21/20 0:00,SN II,,0.307069339
2020fhj,242.1184346,29.01286657,Ignore,3/29/20 0:00,SN Ic-BL,0.085,0.090349817
2020cyz,213.1140383,-5.823430149,Ignore,3/29/20 0:00,SN Ia,0.11,
2020fsd,194.6819516,-2.286452729,Ignore,4/2/20 0:00,,,0.082729874
2020fsc,239.9154184,26.54764985,Ignore,4/2/20 0:00,,,0.0956344
2020fhf,227.5998601,8.789473246,Ignore,4/3/20 0:00,,,0.082061701
2020fle,236.5220291,17.62092709,Ignore,4/3/20 0:00,,,0.202074982
2020eyx,227.8091859,11.36468626,Ignore,4/3/20 0:00,,,0.059222121
2020cwg,190.7810044,11.21125776,Ignore,4/3/20 0:00,,,0.02949277
2020fuq,219.8182263,39.94577171,Interesting,32:38.4,,,0.074668699
2020ewx,229.3271051,13.02275104,Ignore,4/6/20 0:00,SN Ia,0.06,0.109260033
2020fhs,240.2761738,19.45018351,Ignore,4/8/20 0:00,SN Ia,0.01438,0.025820137
2020fwx,239.2270335,21.12188754,Ignore,4/8/20 0:00,,,0.239724557
2019wqf,217.5005874,39.94584112,FollowupFinished,1/18/20 0:00,SN Ia,0.033,0.036422382
2020zx,220.9574555,41.22888048,FollowupFinished,1/18/20 0:00,SN II,0.033,0.02491791
2020zj,240.3349321,16.67773728,NeedsTemplate,1/20/20 0:00,SN Ia,0.03157,0.246902928
2019yyb,135.9536129,-5.566821222,NeedsTemplate,12/30/19 0:00,SN Ia,0.068,0.062080077
2020fxe,240.6521397,34.13538271,Ignore,4/11/20 0:00,,,0.095916201
2020gkw,247.1286688,24.04978079,Ignore,4/11/20 0:00,,,0.082301164
2020has,193.9682793,6.873220464,Ignore,4/12/20 0:00,,,0.097096544
2020her,244.8377523,23.52058191,Ignore,4/16/20 0:00,,,0.118225593
2020hmc,195.366992,18.01253517,Ignore,4/16/20 0:00,,,0.364188828
2020hra,239.1862262,19.50051521,Ignore,15:21.6,,,0.335868294
2020epi,185.5365694,6.099734317,Ignore,4/17/20 0:00,SN Ic,0.024,0.034442921
2020itv,244.0461,34.15530833,Ignore,11:02.4,,,0.093297556
2020hrd,228.0011448,-7.48829648,Ignore,4/17/20 0:00,,,
2020hmj,227.6505033,-11.39432127,Ignore,4/17/20 0:00,,,0.100128987
2020kiq,185.4845601,12.60883374,Ignore,4/17/20 0:00,,,0.633937
2020hrb,135.0182725,26.90359211,Ignore,14:52.8,,,0.307141674
2020hif,201.4681862,34.60907179,Ignore,4/18/20 0:00,,,0.314405
2020heg,209.0630178,30.80730025,Ignore,21:07.2,,,0.108872769
2020kit,200.7676917,32.00926389,Ignore,56:09.6,,,0.23761218
2020iuv,210.1136814,30.859596,Ignore,4/18/20 0:00,,,0.103348229
2020iuu,208.44745,35.02233333,Ignore,00:28.8,,,0.323469259
2020itz,208.4654375,34.82975746,Ignore,4/18/20 0:00,,,0.323876422
2020hap,173.4790603,9.544269123,Ignore,4/18/20 0:00,,,0.165745505
2020itx,169.5223032,13.4595513,Ignore,10:04.8,,,0.201203302
2020hug,185.2593281,19.01591453,Ignore,4/18/20 10:26,,,0.040400516
2020iuy,187.9699333,12.66124722,Ignore,34:33.6,,,0.135358542
2020iul,181.4887854,17.48645238,Ignore,40:19.2,,,0.10445171
2020iwl,216.1976068,37.62573481,Ignore,4/19/20 12:21,,,0.014017799
2020ius,191.16535,11.84053056,Ignore,48:57.6,,,0.34815037
2020iuq,191.9286879,11.25414833,Ignore,48:57.6,,,0.092737434
2020ivq,231.6178472,12.48835843,Ignore,4/19/20 0:00,,,0.087170564
2020ivd,181.3034833,16.64190833,Ignore,20:09.6,,,0.186511586
2020iuz,178.0906292,16.43417222,Ignore,38:52.8,,,0.150206599
2020iwj,224.7369744,38.35498416,Ignore,4/19/20 0:00,,,0.100442473
2020iwi,214.2172324,42.09792008,Ignore,4/19/20 0:00,,,0.099710643
2020hep,229.9001776,11.20174769,Ignore,4/19/20 0:00,,,0.099774429
2020ivf,231.7020094,14.15007625,Ignore,4/19/20 0:00,,,0.199286006
2020ive,233.8673125,14.29445833,Ignore,44:38.4,,,0.103874835
2020ivl,229.1890083,13.63085278,Ignore,4/19/20 12:43,,,0.085863797
2020ivw,233.3166576,12.89008819,Ignore,4/19/20 0:00,,,0.054713503
2020ivj,228.0531875,14.72538889,Ignore,41:45.6,,,0.11898133
2020knn,226.5456375,14.18571111,Ignore,41:45.6,,,0.379906802
2020kir,221.4021083,-8.727238889,Ignore,56:38.4,,,
2020fwj,232.2928169,-3.11034863,Ignore,4/20/20 0:00,,,
2020iqy,223.1236068,-11.14640873,Ignore,4/20/20 0:00,,,
2020knx,213.598175,-5.178336111,Ignore,00:57.6,,,
2020gll,236.9225308,20.26109196,Ignore,4/20/20 0:00,,,0.114647895
2020fla,206.7399564,30.88510679,Ignore,4/20/20 0:00,,,0.185530346
2020hpu,205.1309514,35.99679997,Ignore,4/20/20 0:00,,,0.183455331
2020hik,191.8756135,17.40074415,Ignore,4/20/20 0:00,,,0.068190633
2020hro,228.8014298,0.484342002,Ignore,55:40.8,,,0.077337557
2020glj,237.234054,19.49821184,Ignore,4/20/20 0:00,,,0.091473499
2020fza,240.9081727,19.83768379,Ignore,4/20/20 0:00,,,0.068190633
2019igc,227.6746996,-9.074092175,Ignore,4/20/20 0:00,,,0.099690895
2020iwv,205.7589167,35.32008889,Ignore,36:57.6,,,0.014658321
2020iri,196.9566384,18.13037172,Ignore,4/20/20 0:00,,,0.061430991
2020igh,193.9566676,17.32917267,Ignore,4/20/20 0:00,,,0.069284404
2020iqk,208.9560197,34.16165467,Ignore,4/20/20 0:00,,,0.128935524
2020iqr,206.662825,32.48704722,Ignore,35:31.2,,,0.121818416
2020irh,192.8611426,6.589452361,Ignore,4/20/20 0:00,,,0.171556335
2020knw,227.0193089,-3.897698254,Ignore,4/20/20 0:00,,,0.356014176
2020kns,201.9880417,31.14370556,Ignore,34:04.8,,,0.322020328
2020knu,196.8612417,17.71397222,Ignore,06:43.2,,,0.249506188
2020irx,236.480125,16.11051944,Ignore,13:55.2,,,0.176823247
2020iqc,193.0928647,17.87079159,Ignore,4/20/20 0:00,,,0.121263867
2020irb,235.845299,14.28417889,Ignore,20:09.6,,,0.207925261
2020irg,196.3740702,17.86956472,Ignore,4/20/20 0:00,,,0.208250103
2020irn,186.270975,6.536647222,Ignore,13:55.2,,,0.29990798
2020iqp,197.3458778,6.846813237,Ignore,4/20/20 0:00,,,0.169052335
2020ixj,223.5936083,42.15987778,Ignore,24:28.8,,,0.561924
2020imm,195.8574875,-3.227977778,Ignore,16:19.2,,,0.009346009
2020koa,186.3587875,8.949466667,Ignore,08:38.4,,,0.23263613
2020koi,195.0791375,-4.517183333,Ignore,14:52.8,,,
2020imp,188.3102972,10.66414927,Ignore,29:16.8,,,0.155218649
2020kpk,228.273565,13.92995209,Ignore,50:52.8,,,
2020koh,196.5951667,-3.690641667,Ignore,16:19.2,,,0.092088299
2020ims,186.4524763,9.999110367,Ignore,4/19/20 0:00,,,0.319039773
2020imk,246.2975028,24.26063612,Ignore,4/21/20 0:00,,,0.163243603
2020inh,240.3811986,34.25610259,Ignore,4/21/20 0:00,,,0.094488122
2020ixm,241.7259928,34.54983818,Ignore,31:40.8,,,0.390802423
2020ixk,237.6801909,24.82425097,Ignore,59:31.2,,,0.465333
2020kpm,239.9969583,32.54271389,Ignore,30:14.4,,,0.169616
2020imf,245.7176232,32.83870576,Ignore,15:21.6,,,0.151657821
2020imh,216.6626875,42.82966389,Ignore,4/19/20 12:21,,,0.199421269
2020kpp,244.7158917,23.72631944,Ignore,4/19/20 14:02,,,
2020kpv,237.4201542,27.48485833,Ignore,19:40.8,,,0.246178
2020hjv,147.4974854,32.89523598,Ignore,4/22/20 0:00,,,0.087835159
2020hwk,153.8620596,2.335772999,Ignore,4/22/20 0:00,,,0.139371177
2020hdf,152.0453585,5.286327602,Ignore,4/12/20 6:43,,,0.302050795
2020hfm,154.838875,2.581282042,Ignore,20:09.6,,,0.1329932
2020hci,156.8355462,3.932485077,Ignore,46:04.8,,,0.195425237
2020hju,141.9256651,31.80854963,Ignore,16:48.0,,,0.179010705
2020hwu,155.9900674,-5.071748142,Ignore,12:57.6,,,
2020icp,154.4206834,-2.050779082,Ignore,54:54.0,,,0.0096052
2020jyp,152.6474683,1.777649564,Ignore,4/22/20 0:00,,,0.464017
2019aacq,158.9969744,-4.736446484,Ignore,4/22/20 0:00,,,
2020hxi,148.7352444,3.833688133,Ignore,05:45.6,,,0.342549161
2019aacp,143.9342555,31.279478,Ignore,4/22/20 0:00,,,0.369265428
2019aacg,161.9106864,-4.58234079,Ignore,4/22/20 0:00,,,
2020kps,150.6742383,3.012065693,Ignore,4/22/20 0:00,,,0.123961563
2020itq,158.1997807,-1.092794467,Ignore,15:50.4,,,0.11371132
2020ixl,132.7072458,27.80930278,Ignore,30:14.4,,,0.278994
2020kpt,135.2986895,27.84950075,Ignore,4/22/20 0:00,,,0.253812245
2020ftl,185.0157158,5.343329626,Following,4/2/20 6:23,SN Ia,0.0073,0.018896678
2020iir,238.507026,25.00512834,Ignore,4/27/20 0:00,,,0.156128454
2020ijc,248.4796701,33.90497468,Ignore,59:31.2,,,0.157318101
2020igg,230.3235722,10.28409866,Ignore,4/27/20 0:00,,,0.074618
2020ije,135.2262312,28.07051887,Ignore,34:33.6,,,0.152679638
2020ito,242.1353152,31.77419187,Ignore,4/27/20 0:00,,,0.163643422
2020ikz,184.8267179,13.72476115,Ignore,4/28/20 0:00,,,0.079375221
2020ikx,202.5730616,32.15750057,Ignore,4/28/20 0:00,,,0.238165121
2020iks,194.431418,2.604219889,Ignore,4/28/20 0:00,,,0.102107293
2020iky,147.6965043,31.22191505,Ignore,18:43.2,,,0.318321554
2020ino,243.2942218,36.49566398,Ignore,15:21.6,,,0.096700429
2020itp,239.7043749,32.54741372,Ignore,4/29/20 0:00,,,0.109139664
2020jvk,238.7562939,17.05025429,Ignore,4/29/20 0:00,,,0.290421376
2020iow,193.2694731,-4.640761196,Ignore,4/30/20 0:00,,,
2020ioy,178.1804546,17.1119407,Ignore,54:43.2,,,0.075613384
2020itc,239.2350024,33.07754038,Ignore,25:26.4,,,0.194680429
2020ite,186.5049746,5.07544532,Ignore,5/1/20 0:00,,,0.071448846
2020kgr,194.9596915,17.95852302,Ignore,5/2/20 0:00,,,0.112266528
2020iga,217.7258733,38.22599334,Ignore,5/2/20 0:00,,,0.135368049
2020iyu,216.78033,42.76997613,Ignore,5/2/20 0:00,,,0.206257958
2020iyt,227.4404249,-7.260125786,Ignore,5/2/20 0:00,,,
2020fwz,232.3228486,-2.791814525,Ignore,5/3/20 0:00,,,0.23481664
2020jba,240.8233782,34.3869471,Ignore,5/3/20 0:00,,,0.121717557
2020ixs,237.3507972,16.45501225,Ignore,4/27/20 0:00,,,0.048756811
2020jcy,242.1041569,23.60408309,Ignore,5/4/20 0:00,,,0.058128581
2020jdf,137.6918357,25.11389785,Ignore,04:19.2,,,0.08830831
2020ilb,145.2663934,34.73362038,Ignore,02:21.1,SN Ia,0.0499,0.043466729
2020jde,134.9597574,25.24465918,Ignore,17:45.6,,,0.068885017
2020awg,237.2604296,17.93786872,Ignore,5/5/20 0:00,SN II,0.03181,0.036253106
2020jeu,156.9619432,2.609421094,Ignore,5/5/20 0:00,,,0.032114517
2020jfx,224.8413075,39.78027115,Ignore,5/6/20 0:00,,,0.145947525
2020jed,174.978737,10.90766775,Ignore,5/6/20 0:00,,,0.044221854
2020ika,169.8170819,14.48644103,Ignore,5/6/20 0:00,,,0.064149512
2020jdz,205.0416462,29.46566744,Ignore,5/6/20 0:00,,,0.099636299
2020jli,219.789167,-9.23229451,Ignore,5/10/20 0:00,,,
2020jlj,228.0593417,9.673159633,Ignore,5/10/20 0:00,,,0.344349213
2020jlk,197.2370123,-0.735593427,Ignore,5/10/20 0:00,,,0.054689874
2020jpm,218.4905481,39.61688023,Ignore,5/11/20 0:00,,,0.291685286
2020jpp,183.2920196,13.41634923,Ignore,49:55.2,,,0.16786028
2020jpo,192.5258458,13.02687209,Ignore,5/11/20 0:00,,,0.197148283
2020jpq,152.734575,4.29981627,Ignore,5/11/20 0:00,,,0.104485262
2020kop,184.0769929,10.35686005,Ignore,5/11/20 0:00,,,0.033567874
2020kon,188.3738284,10.3905541,Ignore,48:28.8,,,0.229224
2020kuw,215.2489383,39.24237441,Ignore,5/11/20 0:00,,,0.313294498
2020jpw,142.6032238,-14.51615665,Ignore,5/11/20 6:07,,,
2020kux,141.59725,-13.93193333,Ignore,5/11/20 6:07,,,
2020jtj,242.6689715,25.44206362,Ignore,5/12/20 0:00,,,0.124249962
2020knt,203.6228083,32.00093611,Ignore,31:40.8,,,0.553056
2020jtk,243.0101482,24.5027758,Ignore,5/12/20 0:00,,,0.156814543
2020kuy,194.1352375,17.75316111,Ignore,34:33.6,,,0.117368
2020knv,140.693465,32.35441668,Ignore,5/12/20 0:00,,,
2020jnz,181.4605412,19.77510737,Ignore,5/12/20 0:00,,,0.069607197
2020jts,139.3828157,34.74170391,Ignore,15:50.4,,,0.075740611
2020jtq,146.7705419,33.78691551,Ignore,5/12/20 0:00,,,0.166362451
2020jtr,182.170759,19.87435807,Ignore,08:38.4,,,0.182825736
2020kpf,189.579417,-0.716635168,Ignore,5/13/20 0:00,,,
2020jvi,231.5347646,10.00966088,Ignore,17:45.6,,,0.103747163
2020kax,230.9016679,10.62513496,Ignore,5/13/20 0:00,,,0.148351564
2020jip,193.4560861,2.108801688,Interesting,04:29.0,,,0.105653
2020juk,155.1154809,-1.970071714,Ignore,11:08.2,,,0.042067
2020jzx,204.3312995,27.97052664,Ignore,5/15/20 0:00,,,0.099313
2020kaj,203.7035777,28.40248666,Ignore,5/15/20 0:00,SN Ia,0.14,0.601702
2020kak,202.9039873,30.9303256,Ignore,5/15/20 0:00,,,0.241344
2020kvf,202.9559017,30.54280817,Ignore,5/15/20 0:00,,,
2020kvg,221.4282907,42.4399433,Ignore,5/15/20 0:00,,,0.221882
2020kcl,242.3045204,32.86192586,Ignore,5/16/20 0:00,,,0.151467
2020kcf,180.0658874,17.47311554,Ignore,5/16/20 0:00,,,0.132031
2020kxv,248.1445629,31.95503464,Ignore,5/16/20 0:00,,,
2020jur,226.1426509,-11.41056581,Ignore,5/4/20 7:32,,,
2020jup,241.0420377,27.57694986,Ignore,4/29/20 0:00,,,0.18275
2020huf,192.9749542,16.28154722,Ignore,39:21.6,,,0.025577
2020kfe,190.8923513,2.645496671,Ignore,5/17/20 0:00,,,0.652256
2020jzs,232.4577593,13.93672169,Ignore,5/10/20 5:57,,,0.111906
2020hwg,191.6703335,-5.291538207,Ignore,5/17/20 0:00,,,0.122609747
2020kfh,169.6669288,9.325029282,Ignore,5/17/20 0:00,,,0.257954
2020kff,189.2153762,-0.722257575,Ignore,5/17/20 0:00,,,0.242483
2020kfj,197.2233532,-1.381662423,Ignore,5/17/20 0:00,,,0.157131
2020kfi,190.2488759,1.65585017,Ignore,5/17/20 0:00,,,0.146986
2020kfg,193.1211763,6.150436527,Ignore,5/17/20 0:00,,,0.305025
2020kzv,153.8638169,2.950366897,Ignore,12:57.6,,,0.22465
2020kuv,197.4332094,-1.293388684,Ignore,34:33.6,,,0.359668
2020kxr,197.7644473,-3.975378766,Ignore,5/17/20 0:00,,,
2020kxp,149.547925,7.526425,Ignore,11:31.2,,,0.173961
2020kim,224.042388,40.42028786,Ignore,5/18/20 0:00,,,0.360586
2020kmm,232.5800428,-0.190944417,Ignore,5/19/20 0:00,,,
2020kml,225.7741981,-2.679657556,Ignore,18:14.4,,,0.141584
2020kyb,213.5919067,-5.601673557,Ignore,5/21/20 0:00,,,
2020kob,240.5180629,33.24674886,Ignore,5/20/20 0:00,,,0.058494
2020mbn,191.3339522,13.71585664,Ignore,11:31.2,,,0.032031
2020koe,241.5396071,34.1147747,Ignore,5/20/20 0:00,,,0.100316
2020kof,190.1526403,10.05670721,Ignore,5/20/20 0:00,,,0.162299
2020kqz,228.1091976,-1.774139061,Ignore,15:50.4,,,0.205509
2020jmm,223.2983127,-12.47387577,Ignore,5/21/20 0:00,,,
2020ley,194.2294583,2.347463889,Ignore,5/17/20 6:28,,,0.337583
2020lex,231.1054579,9.115303697,Ignore,5/17/20 11:24,,,0.230877
2020kvd,202.7445159,34.91600086,Ignore,5/23/20 0:00,,,0.169413
2020kvb,219.9250619,38.42169918,Ignore,5/23/20 0:00,,,0.135317
2020kvc,193.9640644,-3.80112564,Ignore,5/23/20 0:00,,,
2020kfy,147.4357788,30.37178769,Ignore,27:04.0,,,0.116552
2020lew,203.210486,32.53988082,Ignore,46:04.8,,,0.062285
2020lev,189.7895458,-5.388393494,Ignore,5/23/20 0:00,,,
2020lad,174.6984706,12.45368325,Ignore,5/25/20 6:21,,,0.191427
2020lez,235.4176353,12.77921741,Ignore,39:50.4,,,
2020lac,227.4992531,-0.536982704,Ignore,5/25/20 0:00,,,0.264891
2020lgr,225.1317657,39.55364839,Ignore,5/28/20 0:00,,,0.174946
2020lgq,232.7458122,14.25018646,Ignore,01:26.4,,,0.152624
2020lkr,219.4640276,39.17307902,Ignore,5/28/20 0:00,,,0.183421
2020lgy,210.077239,33.81406888,Interesting,25:15.0,,,0.077328
2021dbz,232.5083875,-3.536513889,Watch,50:52.8,,,
2020lks,209.6726559,30.65610488,Ignore,5/28/20 0:00,,,0.12276
2020lhw,317.9464263,10.6153872,Ignore,5/29/20 0:00,,,
2020lhz,195.637387,21.83881873,Ignore,46:04.8,,,0.687318
2020lhy,187.3687841,11.19644386,Ignore,5/29/20 0:00,,,0.104491
2020lsz,325.3577912,13.14816578,Ignore,5/29/20 0:00,,,
2020lib,194.0047931,-1.769824032,Ignore,5/29/20 0:00,,,0.105095
2020lly,235.9650182,13.68183271,Ignore,5/31/20 0:00,,,
2020gcv,322.8402813,9.430009051,Ignore,6/2/20 0:00,SN II,0.028396,0.034186
2020ltk,143.1794125,36.07052222,Ignore,37:26.4,,,0.69788
2020llz,225.3997463,-2.938222699,Ignore,5/31/20 0:00,,,0.174882
2020ltj,240.7715169,32.56780204,Ignore,5/31/20 0:00,,,0.189753
2020jjb,322.6027203,11.60264121,Ignore,6/1/20 0:00,,,0.032684
2020kzy,237.9576809,28.9414157,Ignore,6/3/20 0:00,,,0.152975
2020imb,178.165059,20.39462132,Ignore,4/29/20 9:00,,,0.138766975
2020jev,147.1619455,33.41757174,Interesting,25:55.2,,,0.120866611
2020kry,196.7141927,21.11393093,Ignore,58:36.8,,,0.071239
2020azt,193.4257569,-4.441502773,NeedsTemplate,1/22/20 14:02,SN Ia,0.15,
2020azh,193.2792676,-4.061595781,NeedsTemplate,1/22/20 14:06,SN II,0.029,
2020awu,171.3480349,9.983898673,NeedsTemplate,1/23/20 13:22,Other,0.065,0.076336845
2019tvv,177.7725972,21.76725784,FollowupFinished,10/31/19 3:41,SN Ia,0.026,0.038490864
2019wbv,134.6891422,-4.565620149,FollowupFinished,11/27/19 14:38,,,
2019zfv,162.8401159,-4.281892309,FollowupFinished,12/24/19 14:11,SN Ia,0.1357,
2020add,155.0094056,6.631778579,FollowupFinished,1/17/20 11:38,SN Ia,0.108,0.079470857
2019wmr,146.51478,33.52826522,FollowupFinished,12/13/19 10:24,SN II,0.038,0.036589259
2020lxe,169.2888076,13.35728338,Ignore,25:55.2,,,0.111547379
2020lxd,172.5412143,12.83251751,Ignore,27:21.6,,,0.354863
2020nfh,236.7938438,16.30158088,Ignore,6/8/20 0:00,,,0.312985
2020lyv,150.5015188,5.016329938,Ignore,5/11/20 8:38,,,0.367126
2020lyu,190.251265,9.746829296,Ignore,6/8/20 0:00,,,0.252244
2020juu,190.1883484,13.3169965,Ignore,6/8/20 0:00,,,0.084402
2020ndf,190.0741867,11.45472687,Ignore,6/8/20 0:00,,,0.284912
2020lyz,186.4495985,17.47122104,Ignore,46:04.8,,,0.114001
2020mbh,249.3828636,35.97594014,Ignore,22:33.6,,,0.042513
2020mbg,228.5389204,-2.792643572,Ignore,6/9/20 0:00,,,0.324706
2020mbi,244.1749466,36.69986569,Ignore,6/9/20 0:00,,,0.150119
2020ndg,188.0617915,11.96071782,Ignore,6/9/20 0:00,,,0.162505
2020nfg,239.2074538,32.23710703,Ignore,19:40.8,,,0.345252
2020ndh,233.7812167,9.750805556,Ignore,5/31/20 12:00,,,0.165645
2020ldd,194.3730811,2.484276211,Ignore,5/21/20 0:00,,,0.291725
2020mvu,183.0442699,18.4827883,Ignore,6/13/20 0:00,,,0.776603
2020mms,246.4690429,26.69054096,Ignore,6/13/20 0:00,,,0.174478
2020lbf,310.934445,-1.238088879,Ignore,6/13/20 0:00,SN Ia,0.056079,0.043943
2020lhx,142.6407839,-15.42875531,Ignore,12:57.6,,,
2020nbw,193.2943667,-1.821427778,Ignore,47:31.2,,,0.163308
2020nbx,193.9550914,21.07675811,Ignore,6/10/20 6:57,,,0.441607
2020mnx,194.6228866,-5.097069227,Ignore,6/10/20 6:50,,,
2020mka,230.5916605,13.52255112,Ignore,6/14/20 0:00,,,0.126558
2020ndi,231.3131343,8.971973446,Ignore,6/14/20 0:00,,,0.123377
2020msu,219.8699472,38.447404,Interesting,44:01.0,SN Ia,0.1,0.43842
2020nff,193.3643167,-4.53585,Ignore,5/19/20 6:28,,,
2020ndj,195.9029069,16.93867347,Ignore,6/14/20 6:43,,,0.598775
2020lis,333.7615925,6.055950487,Ignore,6/14/20 0:00,,,0.113459
2020mrv,227.6148954,-3.015327022,Ignore,6/15/20 0:00,,,0.135823
2020lom,325.7341589,4.30538517,Ignore,6/28/20 0:00,,,
2020nib,241.0912735,34.29918002,Ignore,6/16/20 0:00,,,0.258159
2020mub,241.0836433,34.07037389,Ignore,19:40.8,,,0.18344
2020nic,243.8280624,27.89753628,Ignore,6/16/20 0:00,,,0.369224
2020nie,222.764476,38.46552526,Ignore,59:02.4,,,0.350413
2020mjn,232.1395562,13.01014656,Interesting,03:15.8,,,0.024164
2020mvy,226.7620956,9.727200094,Ignore,6/17/20 0:00,,,0.163414
2020mvw,148.681364,2.702312997,Ignore,33:07.2,,,0.075314
2020mwc,149.8468961,6.497194463,Ignore,33:07.2,,,0.089803
2020mvx,187.6686848,11.03321175,Ignore,38:52.8,,,0.329213
2020npn,314.3325083,-2.100166667,Ignore,08:38.4,,,0.422947
2020mcd,212.0364224,-4.051671712,Ignore,6/10/20 0:00,,,
2020nax,180.2571507,17.44776273,Ignore,6/19/20 0:00,,,0.154438
2020mju,243.5141523,33.90143887,Ignore,08:29.0,,,0.163699
2020nyu,309.6753914,-1.216511359,Ignore,6/22/20 0:00,,,0.058078
2020ofp,226.2024601,-2.602367276,Ignore,6/22/20 0:00,,,0.107445
2020nhl,221.1320708,-7.86010796,Ignore,6/23/20 0:00,,,
2020nhj,242.6514483,20.10116362,Ignore,08:38.4,,,0.185006
2020nwa,332.7778958,0.303205556,Ignore,6/14/20 9:19,,,0.151775
2020njw,243.6747343,31.04772225,Ignore,6/24/20 0:00,,,0.258517
2020nkv,230.4962588,10.43819992,Ignore,6/23/20 22:40,,,
2020nor,230.8473905,14.16778283,Ignore,48:57.6,,,0.026885
2020nde,230.2646891,12.92665514,Ignore,6/17/20 0:00,,,0.113284
2020mzr,0.901677269,19.9850198,Ignore,6/21/20 0:00,,,0.256103
2020noq,227.2980443,-10.54649056,Ignore,51:50.4,,,0.109156
2020odw,226.6073763,-10.51643234,Ignore,47:31.2,,,
2020ooo,333.4355417,6.448097222,Ignore,6/27/20 13:40,,,0.671091
2020nnk,241.6071238,25.27503012,Ignore,6/26/20 0:00,,,0.368883
2020mye,2.460279767,21.75312649,Ignore,6/21/20 0:00,,,0.113286
2020odu,242.8638094,24.68061111,Ignore,6/28/20 0:00,,,0.178424
2020odt,228.7573883,-1.32039588,Ignore,44:38.4,,,0.29617
2020ods,242.2384601,26.24192728,Ignore,6/28/20 0:00,,,0.309626
2020mrw,328.6234584,7.204954802,Ignore,6/14/20 0:00,,,0.075839
2020nue,313.4621666,-0.183881921,Ignore,6/30/20 0:00,,,0.26509
2020odr,239.2662078,32.2415534,Ignore,07:40.8,,,0.228597
2020olk,236.214075,18.36389722,Ignore,04:19.2,,,0.089137
2020pfs,247.2545375,33.00223333,Ignore,46:33.6,,,0.074405
2020nsp,244.6673537,30.8322416,Ignore,54:43.2,,,0.521241
2020odq,333.3434685,5.467705395,Ignore,6/29/20 0:00,,,0.09653
2020nuc,220.0800368,41.40853838,Ignore,6/30/20 0:00,,,0.066626
2020nrp,185.7777039,19.71609441,Ignore,6/30/20 0:00,,,0.190577
2020odn,322.2066363,9.907037758,Ignore,37:26.4,,,0.268633
2020nvd,6.541816655,28.0675891,Ignore,7/1/20 0:00,,,0.130297
2020nqu,355.7606547,24.50802309,Ignore,9/21/20 0:00,,,0.112728
2020mza,3.874458897,17.32431029,Interesting,20:37.0,,,0.029816
2020nud,6.622426843,19.4871476,Ignore,13:55.2,,,0.171906
2020qhp,4.497724223,20.67797614,Ignore,6/21/20 0:00,,,0.185389
2020myi,0.650026258,23.15173511,Ignore,7/1/20 0:00,SN Ia,0.073,0.030844
2020nlk,5.304707341,28.1484092,Ignore,7/1/20 0:00,,,0.105681
2020jnx,178.1077201,21.30248509,Ignore,7/2/20 0:00,,,0.029173
2020oay,193.7060844,-4.578440612,Ignore,10:04.8,,,
2020noz,187.2510649,7.849554054,Following,33:07.2,SN IIn,0.025,0.02786
2020oku,195.7560231,2.31908383,Ignore,7/4/20 0:00,,,0.305786
2020neh,230.3336448,14.06964441,Following,06:47.8,TDE,0.062,0.087425
2020oix,193.2548052,6.625265674,Ignore,16:19.2,,,0.120305
2020opa,321.5970125,11.47350833,Ignore,48:35.0,,,0.137061
2020oiy,218.4399942,42.06923388,Ignore,54:43.2,,,0.356037
2020ohy,229.492429,11.22326473,Ignore,7/11/20 0:00,,,0.096249
2020oos,193.7848719,-2.557171023,Ignore,07:40.8,,,0.090156
2020oot,204.8150659,29.31921485,Ignore,27:21.6,,,0.12715
2020oou,196.4747756,-4.140305732,Ignore,7/9/20 7:04,,,
2020oov,216.3065719,43.4021799,Ignore,00:28.8,,,0.375962
2020oow,196.626809,-4.517584999,Ignore,7/12/20 6:28,,,
2020oox,220.8561221,42.72975725,Ignore,7/12/20 0:00,,,0.172507
2020ojl,220.6817429,-7.355098245,Ignore,7/11/20 0:00,,,
2020ovg,241.7721964,28.78872894,Ignore,7/13/20 0:00,,,0.094453
2020oiv,219.4583814,43.20553415,Ignore,54:43.2,,,0.164059
2020ovv,184.0513355,9.50719393,Ignore,7/2/20 6:50,,,0.058859
2020ovi,235.8360181,20.86336249,Interesting,49:55.2,,,0.206486
2020pip,193.2891053,3.348240542,Ignore,7/14/20 0:00,,,0.44141
2020pqw,193.8366411,17.78631253,Ignore,37:26.4,,,0.213075
2020kqb,235.0508029,14.28437253,Interesting,05:45.6,,,0.334731
2020nbo,239.5589531,18.10281031,Ignore,6/19/20 0:00,SN Ia,0.05,0.198859384
2020ogv,196.3933951,-2.586302866,Ignore,7/8/20 6:14,,,0.066015
2020mor,185.6869489,8.34382767,Ignore,47:49.0,,,0.089523
2020kmj,188.1748955,6.972686503,Ignore,6/14/20 0:00,,,0.104384
2020mwo,235.7999895,20.41254048,Ignore,6/8/20 0:00,,,0.163524
2020lnm,192.8722079,-5.429018211,Ignore,5/23/20 4:34,,,
2020kmv,186.4069694,7.392593894,Ignore,1/2/20 0:00,,,0.14624
2020poh,227.4864853,-12.08070264,Ignore,41:45.6,,,
2020pog,212.5113841,-6.139257659,Ignore,38:52.8,,,
2020qda,36.93966691,-1.555667152,Ignore,7/17/20 0:00,,,0.06606
2020jxa,238.1438099,25.57660567,Ignore,5/4/20 0:00,,,0.170156
2020ppq,227.5577981,12.28306774,Ignore,41:16.8,,,0.183938
2020qrn,207.8523958,32.03810556,Ignore,24:28.8,,,0.218695
2020qgo,232.2046036,-2.840433816,Ignore,7/18/20 0:00,,,0.137907
2020qgn,231.6663214,9.77410338,Ignore,7/18/20 0:00,,,0.109252
2020qro,224.7095583,0.451980556,Ignore,7/18/20 6:50,,,0.165052
2020qfz,225.7257688,-4.405691283,Ignore,7/18/20 0:00,,,
2020qgm,224.76085,0.65195,Ignore,44:38.4,,,0.151572
2020qgl,237.224649,27.0440715,Ignore,7/18/20 0:00,,,0.328145
2020azs,143.4399688,33.02812423,FollowupFinished,1/26/20 13:55,SN Ia,0.135,0.126689643
2020juq,236.2867801,21.87826878,FollowupFinished,5/13/20 0:00,SN Ia,0.12,0.136009
2020ghq,221.3351122,38.73840798,FollowupFinished,24:28.8,,,0.390952
2020ama,189.5619375,9.230725,FollowupFinished,1/20/20 13:39,SN II,0.063977,0.067104522
2020ann,150.6977417,3.599569444,FollowupFinished,1/21/20 11:19,SN Ia,0.08,0.11971465
2020apw,141.0120658,28.81498232,FollowupFinished,1/23/20 10:01,,,0.073324032
2020hr,139.6237731,28.14162736,NeedsTemplate,1/1/20 10:20,SN Ia,0.0821,0.073967456
2020kjk,319.518527,8.78032971,Ignore,7/11/20 0:00,,,0.084047
2020pzl,0.71098564,24.66621498,Ignore,7/11/20 0:00,,,0.28204
2020pyk,7.506566667,26.89885833,Ignore,59:31.2,,,0.137489
2020kpz,187.7310625,9.152848216,Following,24:28.8,SN II,0.039,0.036448
2020pyi,190.6985178,13.34719168,Ignore,25:55.2,,,0.222556
2020pyx,219.2181522,-8.066206729,Ignore,16:19.2,,,
2020qht,3.490997555,20.69555716,Ignore,7/21/20 0:00,,,0.246454
2020oen,228.298975,9.889327778,Ignore,6/15/20 9:36,,,0.165726
2020nrm,227.0264426,8.945307765,Ignore,6/16/20 4:48,,,0.219938
2020pwl,226.5590743,-12.76607649,Interesting,25:55.2,,,
2020qfw,214.0340514,-5.34550244,Ignore,48:57.6,,,
2020qbi,208.8035298,32.86670938,Interesting,24:28.8,,,0.046138
2020qbj,192.3653928,17.20995963,Ignore,34:33.6,,,0.328303
2020qrq,210.3863325,30.87852528,Interesting,50:52.8,,,0.072229
2020pux,330.2539997,1.968832167,Ignore,22:04.8,,,0.33606
2020qet,41.23056367,-4.047559689,Ignore,36:57.6,,,0.145451
2020trf,331.9940458,2.861727778,Ignore,15:21.6,,,0.281435
2020qfj,236.00126,18.34232108,Ignore,7/24/20 0:00,,,0.398458
2020qfv,240.6667686,21.17049542,Ignore,7/24/20 0:00,,,0.17957
2020ppe,9.899881973,6.66414753,Interesting,03:01.2,SN Ia,0.0388,0.052771
2020pth,10.64124426,3.902877429,Ignore,8/23/20 0:00,,,0.161651
2020psu,16.85698133,1.04373137,Ignore,7/28/20 0:00,,,0.161494
2020qqg,35.27252433,-3.581695738,Ignore,29:45.6,,,0.190002
2020qrp,42.40563803,-5.437504052,Ignore,9/12/20 0:00,,,0.319498
2020pvj,333.4283794,0.039301947,Ignore,7/28/20 0:00,,,0.11651
2020qhn,240.5849555,27.24050435,Interesting,29:45.6,,,0.22014
2020qho,241.2083375,24.46030833,Ignore,7/25/20 7:48,,,0.103022
2020qqi,322.3055177,12.43865957,Ignore,7/29/20 0:00,,,
2020qrv,317.3471792,10.17428889,Ignore,7/29/20 10:33,,,0.103762
2020qlp,325.1029299,8.870061127,Interesting,36:28.8,,,0.204261
2020nim,244.2181821,26.73585846,Ignore,08:06.4,SN II,0.06,0.368427
2020rpl,357.0779125,24.84310278,Interesting,7/20/20 13:12,,,0.195147
2020rmo,2.21808613,20.33881792,Ignore,01:55.2,,,0.12055
2020vzc,13.99867917,3.974644444,Ignore,7/28/20 13:33,,,0.513558
2020toj,5.948229167,19.2192,Ignore,03:21.6,,,0.537066
2020pmq,5.565108232,18.56447356,Ignore,7/30/20 0:00,,,0.549607
2020qmy,318.0301796,-0.728607095,Ignore,7/30/20 0:00,,,0.066254
2020qrt,219.4862127,39.90008594,Ignore,7/31/20 6:43,,,0.31892
2020qte,226.6849203,-12.35192056,Ignore,7/31/20 0:00,,,
2020qpu,192.0041425,20.37149405,Ignore,37:26.4,,,0.075581
2020rjw,196.5353708,-3.405419444,Ignore,41:45.6,,,0.142736
2020rcs,186.017128,8.074016987,Ignore,33:07.2,,,0.085775
2019wdy,42.81896204,-3.89077032,Ignore,11/4/20 0:00,,,0.495427
2020qrs,2.848074191,20.07846852,Ignore,8/3/20 0:00,,,0.100635
2020ncg,232.7467679,-3.664621018,Ignore,6/15/20 0:00,,,
2020rmp,229.0925458,-3.344525,Ignore,4/20/20 11:24,,,
2020qze,227.9008105,13.73251857,Ignore,8/4/20 0:00,,,0.144355
2020qzg,241.6127833,29.077,Ignore,07:40.8,,,0.071416
2020ovk,358.5738705,26.32671447,Interesting,41:36.0,SN II,0.025,0.034637
2020pix,238.5029112,28.17262532,Interesting,33:41.0,,,0.097222
2020qtp,244.1864667,24.62712222,Interesting,07:40.8,,,0.095255
2020qtf,238.6985133,27.86139941,Ignore,06:14.4,,,0.050885
2020qxm,229.553256,13.17830959,Ignore,44:38.4,,,0.152372
2020qxl,235.1144166,12.99697854,Ignore,8/5/20 6:43,,,0.086488
2020qzf,239.474921,26.73601844,Ignore,13:55.2,,,
2020rcr,242.2609018,28.20027455,Interesting,15:21.6,,,0.258246
2020rkr,331.0119549,7.147635501,Ignore,8/11/20 0:00,,,0.186974
2020kvl,193.3611661,-2.445869396,Interesting,37:26.4,SN Ia,0.12,0.131849
2020rla,334.0479127,34.71630124,Ignore,47:02.4,,,
2020rij,17.45455794,2.847616306,Ignore,8/12/20 0:00,,,0.128337
2020rkq,234.6672376,13.88115898,Ignore,24:28.8,,,
2020qyx,243.0781073,27.47217523,Ignore,8/10/20 0:00,,,0.12125
2020rom,317.5586339,-3.406252488,Ignore,8/14/20 0:00,,,0.271991
2020opy,239.1072111,23.37249896,Following,7/8/20 5:34,,,0.123422
2020rhg,9.706765138,3.403696818,Ignore,8/23/20 0:00,SN II,0.03,0.079228
2020riu,12.00802054,2.190448492,Ignore,09:07.2,,,0.446075
2020rsn,18.78921667,1.539094444,Ignore,8/12/20 13:12,,,0.220705
2020sdu,16.80731986,0.670233449,Ignore,8/14/20 0:00,,,0.680536
2020rof,13.70304288,4.195069983,Ignore,8/23/20 0:00,,,0.128784
2020rkp,220.0892162,-7.852953926,Ignore,8/11/20 6:36,,,
2020qqe,47.84735488,2.452320649,Ignore,8/15/20 0:00,,,0.093686
2020rmc,241.8578375,26.93251667,Interesting,8/13/20 7:12,,,
2020yja,58.90480417,-26.06195278,Ignore,28:19.2,,,
2020tao,66.33140417,-22.57472778,Ignore,8/16/20 14:31,,,
2020rsw,244.7722542,33.06998333,Ignore,23:02.4,,,0.387402
2020rst,66.05041065,-26.64910802,Ignore,8/16/20 0:00,,,
2020rsr,240.8054876,31.62067333,Ignore,8/14/20 6:21,,,0.237656
2020sxr,52.31331489,-28.94193706,Ignore,8/16/20 0:00,,,
2020rsx,324.6864809,10.1828613,Ignore,29:45.6,,,0.194002
2020rrr,325.8221104,9.468039717,Ignore,29:45.6,,,0.265741
2020rsu,247.6490604,32.52927806,Ignore,8/16/20 0:00,,,0.199899
2020nrg,53.63719242,-4.810487129,Ignore,9/14/20 0:00,,,
2020rnl,327.901275,5.340058333,Ignore,00:31.0,,,0.1462
2020tre,328.98005,6.500369444,Ignore,13:55.2,,,0.126361
2020roi,244.5393245,36.77368128,Ignore,27:21.6,,,
2020trg,3.530083333,16.95443611,Ignore,12:28.8,,,0.58401
2020roj,236.4585747,21.9779064,Interesting,8/16/20 6:14,,,0.256893
2020yjb,238.6897208,16.29377222,Ignore,00:28.8,,,
2020rsp,208.8962599,32.32080951,Ignore,25:55.2,,,0.10183
2020rso,340.1628042,31.51094722,Ignore,25:26.4,,,0.383959
2020rrn,209.6209978,31.89187086,Ignore,02:52.8,,,0.092086
2020rss,46.42510924,-1.073237569,Interesting,51:21.6,,,0.147859
2020ulp,49.51924104,-0.992670691,Ignore,9/14/20 0:00,,,0.23551
2020toi,57.89320417,-23.66999444,Ignore,8/19/20 14:38,,,
2020ron,228.3681282,9.906136672,Interesting,53:16.8,,,0.12076
2020sej,229.8830792,10.67125556,Ignore,24:28.8,,,0.352109
2020rtg,224.9974583,40.33035556,Interesting,8/17/20 6:07,,,0.132411
2020ioz,195.9482562,20.90250092,FollowupFinished,29:45.6,SN Ia,0.06,
2020inp,226.6226125,10.26691111,FollowupFinished,4/29/20 10:12,SN Iax[02cx-like],0.07,0.520489
2020ivg,224.4416411,41.2383364,FollowupFinished,24:28.8,SN IIb,0.053,0.488863
2020ikq,204.0208764,28.98336578,FollowupFinished,47:31.2,SN IIb,0.037,0.10297607
2020iio,246.6673805,25.53308443,FollowupFinished,12:28.8,,,0.086594565
2020vtq,2.74895,27.33626389,Ignore,42:14.4,,,0.581262
2020rwx,17.96121151,-14.44996584,Ignore,8/23/20 0:00,,,
2020vzb,22.05334167,-14.58554722,Ignore,20:38.4,,,
2020roo,230.9647163,10.06239893,Interesting,54:43.2,,,0.530381
2020sex,322.0372998,9.967220325,Ignore,8/29/20 0:00,,,0.377907
2020abxz,43.3043875,-5.090522222,Ignore,8/21/20 14:16,,,0.153653
2020qmv,36.3538,-7.987277778,Ignore,56:09.6,,,0.770004
2020tga,34.87424556,-5.055470828,Ignore,8/29/20 0:00,,,0.170412
2020tgb,37.46420532,-0.757202246,Ignore,9/12/20 0:00,,,0.230332
2020ski,36.46936726,-4.946622673,Ignore,50:52.8,,,0.10705
2020rth,52.1135689,-5.254538983,Interesting,29:45.6,SN II,0.0184,
2020trk,21.20756374,-17.23624904,Ignore,11:02.4,,,
2020skj,227.8443264,-0.136099904,Ignore,9/1/20 5:52,,,0.101065
2020tri,238.4228583,26.84105278,Ignore,00:57.6,,,0.128422
2020rdu,239.2604087,24.58078189,Interesting,7/14/20 8:52,,,0.199804
2020skd,315.8963721,-0.172880442,Interesting,34:44.8,SN Ia,0.06,0.075491
2020sss,313.4026985,-4.853920686,Ignore,24:24.0,,,
2020nrh,51.97198345,-3.802642841,Ignore,9/14/20 0:00,,,
2020tgv,52.69589384,-2.102230041,Ignore,9/3/20 0:00,,,
2020sxq,66.80810699,-20.81232217,Ignore,9/3/20 0:00,,,
2020sek,205.0112915,29.13737741,Interesting,24:28.8,,,0.040389
2020sxo,233.7492972,13.47506953,Ignore,9/10/20 0:00,,,0.224968
2020rvq,245.3918669,32.56745831,Ignore,9/4/20 0:00,SN Ia,0.131,0.116329
2020skv,247.2598156,36.55290775,Interesting,52:42.0,,,0.111166
2020rxy,317.1675767,14.01065337,Ignore,41:34.1,,,
2020trj,219.1893708,41.39351667,Ignore,55:40.8,,,0.027633
2020sxp,246.2192656,28.82111347,Ignore,9/6/20 0:00,,,0.542754
2020sxs,66.90895652,-23.10025146,Ignore,10/15/20 0:00,,,
2020rol,218.9620977,37.90769769,Ignore,31:40.8,,,0.176213
2020puc,318.8390012,9.909846899,Interesting,5/29/20 13:40,,,0.212942
2020tee,13.88561677,-19.94659982,Ignore,9/14/20 0:00,,,
2020tqy,10.07917533,1.512550569,Ignore,9/9/20 0:00,,,0.51967
2020tgd,240.4634737,36.2383402,Ignore,05:45.6,,,0.709657
2020tgu,244.2087429,32.33594575,Ignore,05:45.6,,,0.079355
2020tgc,237.8688994,27.57356612,Ignore,15:50.4,,,0.174449
2020tqz,333.03605,0.123469444,Ignore,47:02.4,SN Ia,0.136,0.140849
2020tra,21.91775696,-18.55355943,Ignore,9/10/20 0:00,,,
2020szp,335.274412,7.079795649,Ignore,02:52.8,,,0.135311
2020szo,322.9437421,8.667252178,Ignore,9/9/20 0:00,,,0.128721
2020twb,318.6906477,14.36848938,Ignore,10:04.8,,,
2020qnh,49.98347119,2.561679142,Ignore,9/11/20 0:00,,,0.479246
2020trl,315.8605847,-0.746292482,Ignore,39:50.4,,,0.071545
2020ton,314.01705,-1.756875,Ignore,07:40.8,,,0.148172
2020tlo,311.3333292,-0.864919444,Ignore,9/12/20 7:04,,,0.249565
2020sck,17.64513,2.113938698,Following,03:21.6,SN Iax[02cx-like],0.017,
2020top,35.8325241,-1.541209516,Ignore,11/8/20 0:00,,,
2020tfy,337.7672958,36.68556389,Interesting,23:31.2,SN Ia,0.23,0.266846
2020tfw,240.975252,34.12325521,Interesting,05:45.6,,,0.07892
2020tfx,41.08671147,-1.360175065,Ignore,59:02.4,,,0.18149
2020tvj,42.3268897,-3.920525383,Ignore,9/28/20 0:00,,,0.118383
2020wxz,343.6307439,30.44268606,Ignore,8/29/20 0:00,,,0.484149
2020tmi,239.6093874,31.87554038,Ignore,04:19.2,,,0.22674
2020tln,237.5700958,25.10462222,Ignore,57:07.2,,,0.078822
2020tvl,35.70656652,-1.775704087,Ignore,9/14/20 0:00,,,0.310499
2020vxe,20.33552917,-19.73716667,Ignore,23:31.2,,,
2020sgy,60.9143076,-7.237554672,Ignore,9/13/20 0:00,,,
2020rfe,3.813683749,16.57794038,Ignore,8/24/20 0:00,,,0.129036
2020two,323.9586638,8.939789694,Ignore,04:05.0,,,0.186086
2020utk,317.2400792,9.443497222,Ignore,12:57.6,,,0.342453
2020utj,357.6614,25.734175,Ignore,20:09.6,,,0.469054
2020tpw,63.66507341,-9.506905301,Ignore,9/15/20 0:00,,,
2020tpv,63.47323071,-12.33871407,Ignore,36:57.6,,,
2020too,16.82460789,1.934523456,Ignore,52:19.2,,,
2020tvt,62.710375,-9.078497222,Ignore,16:19.2,,,
2020twa,6.862206076,25.68320204,Ignore,9/23/20 0:00,,,0.579688
2020tuu,356.2448203,25.39979296,Ignore,9/10/20 0:00,,,0.065268
2020tip,356.6939329,25.55809412,Ignore,9/15/20 0:00,SN Ia,0.095,0.103476
2020thu,318.4390458,8.41655,Ignore,20:38.4,,,0.130277
2020tle,244.1523036,27.22151261,Interesting,57:07.2,,,0.166465
2020usj,247.0134721,25.22958243,Ignore,9/16/20 5:52,,,0.157881
2020skh,28.11408929,38.39356805,Ignore,9/13/20 0:00,,,
2020trd,30.34557098,39.6438288,Interesting,58:33.6,,,
2020vzd,48.22291883,2.087865565,Ignore,13:55.2,,,
2020sdy,44.46132262,42.26169327,Ignore,8/20/20 11:24,,,0.037116
2020tkd,35.06430162,41.99513132,Ignore,9/13/20 0:00,,,
2020zrk,37.749675,39.70503333,Ignore,9/13/20 12:00,,,
2020ssu,38.4307817,37.66436151,Ignore,9/16/20 0:00,,,
2020nva,41.52729699,37.9725309,Ignore,9/16/20 0:00,SN Ia,0.05,
2020usl,59.06771897,-25.55378428,Ignore,9/17/20 14:45,,,
2020utd,59.4692125,-26.84718889,Ignore,9/17/20 14:45,,,
2020tuy,37.63394791,-0.790968182,Ignore,9/17/20 0:00,,,0.056316
2020utl,58.56965264,-23.54873494,Ignore,9/17/20 14:45,,,
2020vyc,12.96904942,-19.61976971,Ignore,9/14/20 0:00,,,
2020tvk,45.77720559,0.24175354,Ignore,44:09.6,,,0.131073
2020prg,12.59469719,-20.21551808,Ignore,7/21/20 0:00,SN Ia,0.08,
2020tyl,7.020375,24.86710278,Ignore,9/20/20 7:35,,,
2020tfb,92.21721304,-26.41277201,Ignore,9/21/20 0:00,SN IIP,0.048,
2020vzf,90.22925418,-23.96615572,Ignore,02:52.8,,,
2020uig,91.17131904,-21.57555932,Ignore,39:50.4,,,
2020usk,239.2198667,26.94185278,Ignore,49:55.2,,,0.108479
2020tyx,315.3107236,-1.687966207,Ignore,9/22/20 0:00,,,0.224332
2020xez,13.37664337,6.466386622,Ignore,10/15/20 0:00,,,0.19059
2020tyw,18.20690546,-16.73223222,Ignore,9/14/20 0:00,,,
2020zrj,53.08777917,-29.10019444,Interesting,51:21.6,,,
2020use,53.36173819,-29.07554465,Ignore,54:14.4,,,
2020trb,334.9667723,5.802576016,Ignore,58:33.6,,,0.276382
2020trc,325.3701731,2.84355021,Ignore,9/13/20 0:00,,,
2020vzg,60.89968079,-11.02933173,Ignore,35:31.2,,,
2020usd,240.1533125,19.75588611,Ignore,36:57.6,,,0.058718
2020tly,7.36082898,17.48534457,Interesting,33:07.0,SN II,0.058,0.061197
2020tkw,84.77709785,-23.79742174,Ignore,9/25/20 0:00,,,
2020xpj,90.56679207,-23.60442717,Ignore,9/21/20 15:07,,,
2020uga,18.72714237,1.916227774,Interesting,15:36.0,,,0.040335
2020yit,343.21995,34.79320556,Interesting,18:14.4,,,
2020wpn,0.967729167,23.62359722,Ignore,28:19.2,,,0.336037
2020vgc,244.6199417,26.51221667,Ignore,37:56.0,,,0.098845
2020usm,359.671636,29.0086575,Ignore,48:28.8,SN Ia,0.104,0.088218
2020xhr,63.22831188,-8.564320342,Ignore,10/18/20 0:00,,,
2020ulx,36.3586129,-8.742534067,Ignore,06:15.0,,,0.105787
2020ufe,81.01885092,-23.02419913,Ignore,9/28/20 0:00,SN Ia,0.075,
2020wpm,52.80594586,-2.785408496,Ignore,9/28/20 13:33,,,
2020zrl,81.06550913,-23.99417943,Ignore,9/28/20 0:00,,,
2020wpp,45.79467864,-0.257401435,Ignore,9/28/20 0:00,,,0.374942
2020jgl,142.2434139,-14.80554686,Following,54:43.2,SN Ia,0.006758,
2020tdk,93.52406407,-21.22079069,Ignore,46:33.6,,,
2020vqy,66.29413772,-25.36686292,Ignore,10/3/20 0:00,,,
2020twp,334.6475922,5.333681705,Interesting,9/18/20 7:46,SN Ic,0.074,0.192847
2020svo,40.63347505,-0.963128852,Ignore,9/12/20 0:00,SN Ia,0.038748,0.053632
2020svn,59.54462121,-8.816896828,Following,9/8/20 13:12,SN II,0.02891,
2020vqr,310.0500659,-4.064891983,Ignore,58:33.6,,,
2020uyc,311.1184082,-1.046343947,Ignore,08:09.6,,,0.111812
2020uxw,314.5387105,-4.261801674,Ignore,10/4/20 0:00,,,
2020qmj,11.02502253,5.259979913,Following,33:42.0,SN IIn,0.022,0.043941
2020ciu,13.63769276,5.228343105,Ignore,10/6/20 0:00,,,0.075012
2020usc,10.27877111,2.618167995,Ignore,9/22/20 0:00,,,0.547775
2020tgw,12.56666214,-15.3544703,Ignore,9/9/20 10:55,,,
2020wzq,47.77868946,1.642468703,Ignore,41:16.8,,,
2020wcx,242.7883073,28.98270866,Ignore,10/11/20 5:09,,,0.05983
2020ulf,240.4204054,21.35489891,Ignore,28:19.2,SN Ia,0.032169,0
2020vbs,15.29028133,-15.25129085,Ignore,13:11.0,SN Ia,0.054604,
2020vei,57.90193208,-25.617461,Ignore,44:53.0,,,
2020qbu,23.47251167,-13.08037412,Interesting,7/22/20 14:16,SN Ic,0.02,
2020ptm,20.75550227,14.22244312,Ignore,10/11/20 0:00,,,0.081472
2020rsv,67.21437469,-24.83852736,Ignore,8/16/20 0:00,,,
2020rok,321.6465086,10.17614379,Ignore,28:19.2,,,0.168085
2020rvg,37.04701078,-2.239155428,Ignore,8/17/20 0:00,,,0.308564
2020rxb,241.3958576,24.57775196,Ignore,17:16.8,,,
2020rrq,211.3081077,-5.687088803,Interesting,8/11/20 6:36,,,
2020svk,315.5639453,0.087685626,Ignore,9/4/20 0:00,,,0.212721
2020txk,7.130665553,24.73058064,Ignore,9/15/20 0:00,,,0.238017
2020rhw,248.2329379,31.2642656,Ignore,8/14/20 0:00,,,0.078964
2020wpo,325.8864708,2.478241667,Ignore,23:31.2,,,0.136416
2020war,343.1961871,30.39749243,Ignore,10/14/20 0:00,,,0.123176
2020vbl,332.8939468,5.674131322,Ignore,05:55.0,,,0.052135
2020yiv,237.9946042,26.88314167,Ignore,17:16.8,,,0.50737
2020wmb,242.6424783,23.81486854,Ignore,22:33.6,,,0.120866
2020yiu,48.66545972,-1.80854213,Ignore,10/25/20 0:00,,,
2020wto,7.450607338,24.12310081,Ignore,10/15/20 0:00,,,0.144969
2020xaq,16.24360514,2.083933464,Interesting,07:40.8,,,
2020yiw,325.9627625,10.16547222,Ignore,10/15/20 5:38,,,0.063293
2020yde,20.43756667,2.227077778,Ignore,43:40.8,,,0.127502
2020yiy,358.9468625,18.64473333,Ignore,10/10/20 10:48,,,0.528716
2020xur,313.4093325,-5.0617499,Ignore,26:52.8,,,0.11661
2020yix,324.8309042,12.2301,Ignore,46:33.6,,,0.228905
2020xku,16.81996444,-15.75025527,Ignore,15:21.6,,,
2020ydf,18.0803,2.217775,Ignore,43:40.8,,,0.10771
2020xkf,357.9435001,24.54531846,Ignore,44:09.6,,,
2020nap,181.7867511,16.92115289,FollowupFinished,6/23/20 0:00,SN II,0.022,
2020lht,184.31585,5.201133333,FollowupFinished,25:55.2,SN Ia,0.076,0.256235
2020jny,180.7437548,20.08543585,FollowupFinished,35:38.7,SN Ia,0.0237,0.097510113
2020lfi,315.3707796,-0.285389857,FollowupFinished,06:02.0,SN II,0.055,
2020hrw,196.0296299,5.56187714,FollowupFinished,55:40.8,SN II,0.024,0.068433109
2020pyf,237.4599453,27.07780965,FollowupFinished,7/22/20 0:00,SN Ia,0.073,0.069563
2020igy,244.5321735,21.06629325,FollowupFinished,01:25.2,SN Ia,0.031795,0.027958466
2020psv,5.324875,21.07102778,FollowupFinished,7/16/20 10:37,SN Ia,0.0934,0.085421
2020koc,239.9521537,27.26057445,FollowupFinished,5/20/20 0:00,SN II,0.166,0.221654
2020qkx,5.626845535,26.70235753,FollowupFinished,8/30/20 0:00,SN Ia,0.127,0.111176
2020kre,197.6244584,-1.314180745,FollowupFinished,5/17/20 0:00,SN Ia-CSM,0.136,0.150085
2020qlq,333.7295375,31.77805,FollowupFinished,7/20/20 14:38,SN Ib/c,0.039,0.112783
2020pyy,1.8272375,17.07710833,FollowupFinished,59:31.2,SN Ia,0.114,0.337801
2020wyx,41.12809148,-3.910257482,Ignore,34:04.8,,,0.117157
2020wyz,38.20309497,41.09516926,Ignore,10/16/20 0:00,,,
2020woq,334.841104,35.53729826,Ignore,10/17/20 0:00,,,
2020yjc,337.4601167,35.02776389,Ignore,35:31.2,,,0.190434
2020unn,126.2899741,44.20529089,Ignore,10/18/20 0:00,,,0.140723
2020wjd,131.5157342,49.16547,Ignore,24:24.0,,,0.252921
2020ybn,92.75938484,-22.29729848,Following,39:21.6,SN IIn,0.096,
2020yrj,111.1304667,38.64697778,Ignore,11:02.4,,,0.621731
2020yis,37.09939167,0.186313889,Ignore,08:09.6,,,0.119681
2020xse,66.22238432,-22.7449635,Ignore,56:09.6,,,
2020xst,53.90841194,-28.31908972,Ignore,10/20/20 0:00,,,
2020yhn,331.0111496,3.28492723,Interesting,52:10.0,SN Ia,0.09,0.048159
2020uxz,21.02870571,12.92147699,Following,10/5/20 13:45,SN Ia,0.008246,0.0374
2020kqn,126.0404763,49.52348077,Ignore,10/23/20 0:00,,,
2020xpx,94.67405097,-26.8459598,Ignore,31:46.0,,,
2020uzk,138.62795,51.22555,Ignore,26:16.8,,,0.12142
2020uhm,120.3613823,36.81920421,Ignore,10/23/20 0:00,SN II,0.04,0.055964
2020uru,117.2436806,38.59853186,Ignore,10/23/20 0:00,,,0.065313
2020yda,90.44394194,-23.19751007,Ignore,13:55.2,,,
2020urt,122.1503541,40.45971265,Ignore,10/1/20 0:00,,,0.11212
2020yfm,95.15958126,-26.62730459,Ignore,10/23/20 0:00,,,
2020yeg,109.0945208,39.60236667,Ignore,22:33.6,,,0.424694
2020zrg,18.37738333,-18.89781389,Ignore,08:09.6,,,
2020yfx,52.63097718,-0.817954528,Ignore,10/25/20 0:00,,,0.064241
2020kdc,231.8530789,12.31883908,Ignore,5/30/20 0:00,,,0.510988
2020nbv,195.0382181,-4.438361662,Ignore,6/10/20 0:00,,,
2020ima,180.6776398,19.86279187,Ignore,1/25/20 0:00,,,
2020rtb,36.95321625,-8.388946048,Ignore,9/12/20 0:00,,,0.1226
2020qgp,0.563177184,23.32944833,Ignore,7/11/20 0:00,,,0.136156
2020pvt,333.7128474,6.499522397,Ignore,7/20/20 0:00,,,0.193266
2020kbl,243.8176448,21.09338386,Ignore,5/15/20 0:00,SN Ia,0.079,0.08076
2020pss,224.2694942,-7.841877113,Ignore,7/13/20 0:00,,,
2020inw,201.6716665,34.92772236,Ignore,4/28/20 0:00,,,0.127735
2020ryn,224.353606,-3.126410871,FollowupFinished,9/29/20 0:00,SN Ia,0.073,
2019pmd,49.59916149,-1.930453061,Ignore,12/31/19 0:00,SN Ia,0.022019,
2020mfa,158.5997725,-5.442662827,Ignore,6/10/20 0:00,,,
2020kzb,155.904372,-4.854360273,Ignore,5/20/20 0:00,,,
2020nis,227.9649999,-11.18352898,Ignore,9/29/20 0:00,,,
2020row,331.6348302,7.624780273,Ignore,10/4/20 0:00,SN Ia,0.09,0.129109
2020mfb,192.5122591,-4.711207267,Ignore,6/10/20 0:00,,,0.124447
2020vdt,230.6770191,9.68728499,Ignore,15:21.6,,,0.088315
2020tok,220.2276532,37.80355207,Ignore,9/8/20 0:00,,,0.181536
2020trh,24.0127846,-13.80441089,Ignore,8/24/20 0:00,,,
2020vze,11.76458797,-20.44847013,Ignore,20:38.4,,,
2020wbh,16.82766667,-14.69595556,Ignore,38:52.8,,,
2020utc,62.58173784,-9.411152403,Ignore,9/18/20 0:00,,,
2020tol,241.1304118,26.73378562,Ignore,8/23/20 0:00,,,0.111603
2020wzd,7.162921613,17.87845929,Ignore,15:17.0,,,
2020yuc,-0.131975411,28.55999077,Ignore,11/7/20 0:00,,,0.099432
2020von,13.49355681,-19.17920995,Interesting,13:55.2,,,
2020wnz,65.93493333,-21.25776667,Ignore,01:40.0,,,
2020vqk,54.07343509,-26.73833466,Ignore,48:28.8,,,
2020zql,20.29645136,-17.36394957,Ignore,11/3/20 0:00,,,
2020zji,57.12836333,-26.48388864,Ignore,11/3/20 0:00,,,
2020zqm,23.06174583,-15.13343611,Ignore,10/24/20 11:09,,,
2020yxr,340.1058326,35.28749808,Ignore,20:38.4,,,0.192965
2020admv,135.1611025,23.82426687,Ignore,11/4/20 0:00,,,0.247779
2020zqn,336.7382417,31.71430833,Ignore,42:43.2,,,
2020aaqn,138.4424879,28.11464703,Ignore,03:50.4,,,0.138439
2020adob,137.5478958,29.07824722,Ignore,59:31.2,,,0.393064
2020aabc,136.8934875,27.98014444,Ignore,59:31.2,,,0.102281
2020yya,9.577881624,3.142680161,Ignore,06:14.4,,,0.085459
2020yyc,58.84050292,-9.131533727,Ignore,01:55.2,,,
2020aaca,324.3140292,9.261819444,Ignore,10/31/20 6:07,,,0.208732
2020aacm,317.5755255,13.84505146,Ignore,35:31.2,,,
2020zoy,321.1417827,9.195841093,Ignore,37:08.0,,,0.444659
2020ykb,64.03823622,-25.47430289,Interesting,13:55.2,SN II,0.09,
2020tue,18.05142857,-16.63599888,Ignore,9/13/20 0:00,,,
2020usn,53.80320842,-1.326246059,Ignore,9/28/20 0:00,,,
2020wzp,21.9148542,-15.24487349,Ignore,51:21.6,,,
2020vzh,57.82705833,-26.72903611,Ignore,51:21.6,,,
2020ypn,315.4860958,-4.59295,Ignore,05:45.6,,,
2020xpz,91.13907212,-26.9623959,Ignore,19:25.0,,,
2020xoc,23.04342277,-15.22884445,Ignore,10/18/20 0:00,SN Ia,0.13,
2020yac,18.45182153,-19.13949025,Ignore,04:17.0,,,
2020ytg,312.0416392,-1.211143084,Following,32:12.0,SN II,0.056,0.198579
2020wwr,334.6884083,-0.165563889,Ignore,47:02.4,,,0.203183
2020xuq,3.426748736,28.91916066,Ignore,10/24/20 0:00,CV,,0.025186
2020wwt,7.303841196,18.41471901,Ignore,21:07.2,,,0.138348
2020jhs,142.0587438,25.67037757,FollowupRequested,00:29.7,SN IIn,0.065,0.206219788
2020dow,137.983394,27.90048073,Ignore,10:04.8,SN Ia,0.0474,0.052710437
2020icw,150.3824612,3.275422667,Ignore,34:42.0,,,0.104049737
2020kld,154.5128121,3.287436346,Ignore,5/18/20 4:29,,,0.529093
2020lyy,155.4307134,2.442018772,Ignore,34:33.6,,,0.05758
2020zmv,120.1983011,35.47379449,Ignore,05:16.8,,,0.019065
2020zkg,131.5703197,43.74371443,Ignore,54:04.0,,,0.087177
2020zjp,130.2419648,50.30331254,Ignore,18:52.0,,,0.114847
2020aetf,27.56745833,37.93841667,Ignore,30:14.7,,,
2020znk,138.7420917,23.55795833,Ignore,38:47.6,,,0.019655
2020xqb,326.3382941,2.929989195,Interesting,10/20/20 6:57,SN Ia,0.037,0.144173
2020yko,155.9147611,3.85431698,Ignore,11/14/20 0:00,,,
2020aasl,155.7641827,5.718256495,Ignore,11/14/20 0:00,,,0.241649
2020aajt,0.761010709,17.78797345,Ignore,11/16/20 0:00,,,0.327197
2020adix,153.136925,6.528286111,Ignore,11/14/20 15:14,,,0.101481
2020aajf,50.61242917,-3.818652778,Interesting,58:31.0,SN Ia,0.07,
2020zyy,94.16351596,-21.49978998,Ignore,11/19/20 0:00,SN Ia-91T-like,0.059,
2020aahq,52.88526448,-4.11603739,Ignore,11/20/20 0:00,,,
2020abre,150.3082023,2.580314983,Ignore,15:50.4,,,
2020aavc,149.9756233,3.551880493,Ignore,11/19/20 0:00,,,0.090148
2020aahb,155.739268,2.489820285,Ignore,48:28.8,,,0.08183
2020aaqu,39.80614444,-5.08654701,Ignore,11/16/20 9:21,,,0.206287
2020zmi,315.045875,-4.067011111,Following,18:14.4,SN Ia,0.019607,0.019335
2020xlm,149.8475541,6.497775225,Ignore,11/25/20 0:00,,,0.089803
2020abhu,157.1947235,3.11534248,Ignore,24:28.8,,,0.074816
2020abrb,111.4102404,41.37292904,Ignore,37:55.2,,,0.086734
2020vds,37.60221033,-3.765058233,Ignore,08:09.6,,,0.152452
2020abbc,133.4067512,27.61726611,Ignore,44:02.1,,,0.080466
2020fqv,189.1385817,11.23165355,Following,06:55.0,SN IIb,0.007522,0.010120262
2020aazr,314.1441417,-0.176372222,Interesting,38:53.0,SN Ia,0.08,0.237166
2020abjy,334.3536091,-0.514660725,Ignore,11/28/20 6:07,,,0.104523
2020abkb,52.92183075,-4.47492348,Ignore,12/11/20 0:00,,,
2020abjz,331.70492,2.647699629,Ignore,15:21.6,,,0.213065
2020abka,332.3883882,5.940435428,Ignore,11/28/20 6:07,,,0.136326
2020abra,46.21135125,-1.180594572,Interesting,12/2/20 9:36,SN Ia-91T-like,0.111,0.129371
2020abnt,10.3529257,2.735524835,Ignore,12:57.6,,,0.299716
2020abrd,21.07435203,2.20479924,Ignore,12/3/20 0:00,,,0.10481
2020aaua,189.815019,9.998724371,Ignore,44:35.0,,,0.090331
2020abrc,343.5305603,34.87735288,Ignore,59:31.2,,,
2020tan,17.43582977,0.340239019,Following,36:28.8,SN IIn,0.079,0.088133
2020zfs,18.24699614,1.040109498,Ignore,11/29/20 0:00,,,
2020abpt,40.10620039,-1.196819034,Ignore,35:43.9,SN Ia,0.139,0.120683
2020abte,35.00103103,-1.37714302,Ignore,24:57.6,,,0.163879
2020abvg,17.90107083,-15.21451389,FollowupRequested,53:16.8,SN Ia,0.043,
2020abyv,20.068075,-17.43852222,Ignore,12/6/20 7:48,,,
2020acas,0.376857154,23.89823565,Ignore,11:02.4,,,0.076149
2020abya,50.07019167,-3.742461111,Ignore,31:40.8,,,
2020abyb,2.08800637,28.82653009,Ignore,12/1/20 7:19,,,0.465323
2020achi,65.95142919,-10.68784864,Ignore,12/7/20 0:00,,,
2020achj,62.24383572,-8.768521925,Ignore,12/7/20 0:00,,,
2020acwz,38.34293382,40.37978243,Ignore,33:07.2,,,
2020acwx,39.49703333,0.370972222,Ignore,12/5/20 8:02,,,0.094421
2020ablf,15.93063574,4.575602335,Ignore,04:19.2,,,0.224182
2020acys,39.87928559,38.38743129,Ignore,34:33.6,,,
2020aaaq,59.37436422,-9.581679694,Ignore,55:40.8,,,
2020acyr,0.472341667,20.60776944,Ignore,54:43.2,,,0.496599
2020acxa,7.068329167,16.91101944,Ignore,21:07.2,,,0.107116
2020aess,60.46442083,-12.264075,Ignore,54:43.2,,,
2020abci,143.6078006,33.08811924,Ignore,12/9/20 0:00,,,0.077726
2020able,141.509456,24.52170845,Following,46:04.8,SN Ic,0.024755,0.020313
2020abgb,139.7369982,31.74267216,Ignore,11/14/20 0:00,,,0.2075
2020adma,58.37759167,-22.18254167,Ignore,12/8/20 9:43,,,
2020acyp,36.6622625,-7.329813889,Ignore,47:02.4,,,0.275194
2020abji,14.61475688,5.761790882,Ignore,12/10/20 0:00,,,0.189238
2020adlz,149.383727,3.075906632,Ignore,11:31.2,,,0.068342
2020aczw,113.3876471,41.76390362,Ignore,12/12/20 11:45,,,0.209788
2020acxd,6.414608333,27.56419722,Ignore,48:57.6,,,0.579891
2020acxc,1.622433333,25.05489444,Ignore,27:50.4,,,0.066985
2020acww,127.5485292,49.96714167,Ignore,26:52.8,,,0.076591
2020acyt,129.315975,45.413275,Ignore,28:19.2,,,0.378206
2020aacr,124.7352665,49.16101335,Ignore,11/15/20 0:00,,,0.134832
2020abbj,188.7397,2.85675,Ignore,38:37.0,,,0.087537
2020adly,186.3552987,12.16000689,Watch,58:04.8,,,0.19999
2020yjd,126.4014568,44.68733103,Ignore,04:19.2,,,0.145062
2020xjg,51.48380458,-4.260830945,Ignore,10/10/20 13:19,,,
2020woh,48.37122899,-3.794534054,Ignore,10/14/20 0:00,,,
2020aapc,138.5967612,27.91718249,Ignore,13:55.2,,,0.388839
2020acyo,49.3370875,3.020038889,Ignore,54:14.4,,,0.133291
2020actn,174.7926625,10.66108333,Watch,37:01.0,,,0.095925
2020acxe,131.4947542,48.25421111,Ignore,59:02.4,,,0.236393
2020acxf,141.2959756,50.86071425,Ignore,29:45.6,,,0.194274
2020acyu,129.205129,45.30357638,Ignore,28:19.2,,,0.224063
2020aazk,139.6995374,30.35468526,Ignore,12/17/20 0:00,SN Ia,0.10196,0.096435
2020aesh,184.4466412,15.90444485,Ignore,50:52.8,,,
2020aczf,189.4130612,10.43053859,Ignore,56:38.4,,,0.126312
2020bcq,201.6235527,36.00862982,NeedsTemplate,1/29/20 0:00,SN Ib,0.018,0.073974671
2020lrr,210.2779983,34.58088867,Ignore,6/9/20 0:00,SN II,0.0275,0.041316
2020fci,161.9584286,-0.79175163,Ignore,3/28/20 10:12,,,0.054458559
2020ees,201.8133042,32.0336294,FollowupFinished,19:40.8,SN Ia,0.024424,0.016760082
2020abpx,21.8736833,13.84131778,Ignore,12/6/20 0:00,,,0.149499
2020yyb,10.91414792,4.202263867,Ignore,11/5/20 0:00,,,0.257753
2020acds,65.1007625,-24.920375,Ignore,01:38.0,,,
2020acyv,44.6401234,-0.019158326,Ignore,12/11/20 0:00,,,
2020aaur,187.6470502,7.438641931,Ignore,23:39.0,,,0.08736
2020shf,125.3523882,43.03549274,Ignore,10/18/20 0:00,SN II,0.056392,0.086291
2020adky,68.50182866,-6.879494028,Ignore,12/22/20 0:00,,,
2020abid,208.432973,33.79693103,Ignore,12/22/20 0:00,,,0.580503
2020adet,192.4967007,12.93726867,Ignore,03:03.0,,,0.09218
2020abhw,203.994375,35.25633889,Ignore,41:16.8,,,0.062607
2020abhk,134.5691866,-5.815306104,Ignore,11/27/20 0:00,,,
2020acjn,160.7156466,-3.618171049,Ignore,12/22/20 0:00,,,
2020absk,136.0038309,-0.088906705,Ignore,12/22/20 0:00,SN II,0.01889,0.594949
2020aevl,202.9709625,31.67867222,Ignore,33:07.2,,,0.692153
2020abho,206.8654542,34.90975,Ignore,10:28.1,,,
2020advq,210.3980633,32.95010108,Ignore,12/22/20 15:36,,,0.142772
2020aciz,150.8406018,2.838874499,Ignore,12/17/20 0:00,SN Ia,0.124,0.123855
2020aevm,141.249225,1.827386111,Ignore,42:14.4,,,0.063591
2020aecv,128.2742208,49.50716667,Ignore,59:02.4,,,0.181434
2020acts,89.46974118,-21.55232751,Ignore,12/15/20 8:02,SN Ia,0.06,
2020actt,116.2317221,38.06171488,Ignore,12/23/20 0:00,,,0.096984
2020admo,38.50171968,38.18975808,Ignore,44:38.4,,,
2020admp,40.86884881,39.05153865,Ignore,16:19.2,,,
2020aclg,192.7891176,3.980293015,Ignore,56:23.4,,,0.065796
2020aeql,155.1588253,2.298365775,Ignore,12/10/20 15:14,,,0.096032
2020aenc,170.2921361,11.41213104,Ignore,49:26.4,,,0.072594
2020aeeg,148.6271125,6.255083333,FollowupRequested,12:57.6,SN II,0.05,0.061853
2020acbb,93.36806648,-22.43710568,Ignore,32:48.8,,,
2020acjy,159.7242128,-0.941819337,Ignore,36:09.0,SN Ia,0.07551,0.060863
2020adjs,140.6608803,52.0959521,Ignore,12/23/20 0:00,,,0.078106
2020yza,160.3965398,-3.441500393,Ignore,12/25/20 0:00,SN Ia,0.071,0.095254
2020acog,132.9496462,-1.369527579,Ignore,33:01.0,,,0.072448
2020aepz,196.1989143,-0.745207242,Watch,20:09.6,,,0.3412
2020advj,193.9941768,-1.477787982,Ignore,12/23/20 0:00,,,0.132537
2020advl,191.2413519,-2.058702954,Ignore,17:16.8,,,0.139486
2020whv,138.6333612,31.63332783,Ignore,12/26/20 0:00,SN II,0.097,0.107607
2020ofw,195.1394685,27.50451819,Ignore,12/26/20 0:00,SN II,0.0186,0.016861
2020advk,198.0096666,-1.69394142,Ignore,12/23/20 0:00,,,0.11846
2020adti,16.9999924,3.141931051,Interesting,29:58.0,,,0.048281
2020aeqx,198.2501104,6.170065423,Ignore,12/28/20 0:00,SN IIP,0.03179,0.021139
2020aejb,138.5091903,24.73745628,Ignore,12/22/20 12:14,,,0.043664
2020xsy,163.7667083,-1.539911111,Following,51:21.6,,,0.048841
2020acdu,60.04461934,-11.33073488,Ignore,12/10/20 6:30,,,0.049784
2020acmm,9.214350303,2.170323419,Ignore,06:12.0,SN Ia,0.06,0.107158
2020aatr,129.0450595,-3.43507453,Ignore,12/11/20 0:00,SN Ia,0.052,0.042884
2020abip,204.8853828,29.99804109,Ignore,12/31/20 0:00,SN Ia,0.034407,0.042046
2020aesp,197.6947979,-1.109992478,Ignore,12/23/20 0:00,,,0.131324
2021au,13.62155725,3.764088296,Ignore,11:02.4,,,0.627353
2021be,67.88593333,-6.569563889,Ignore,1/3/21 7:48,,,0.196419
2021dl,64.11308584,-7.644853669,Ignore,46:33.6,,,
2021cjl,66.8357625,-10.69815278,Ignore,1/3/21 7:48,,,
2021bf,17.13565094,4.303610369,Ignore,1/3/21 5:09,,,0.747069
2021bg,17.36437324,1.830295724,Ignore,12:28.8,,,0.17581
2021bh,60.73646667,-8.469152778,Ignore,43:40.8,,,
2021lz,127.0303412,44.73845615,Ignore,13:01.0,,,0.421886
2020pni,225.9581841,42.11403777,Following,44:30.0,SN II,0.01687,0.025772
2020hgw,214.5797262,38.92952967,FollowupFinished,4/17/20 0:00,SN II,0.043,0.041449386
2020jww,242.7149452,27.16169586,FollowupFinished,48:07.8,SN II,0.046,0.035999
2020ryb,227.319526,9.812839976,FollowupFinished,47:02.4,SN Ia,0.082,
2020rii,249.0167226,33.20983157,FollowupFinished,12:57.6,SN Ia,0.087,0.09451
2020mks,236.4550293,19.68462787,FollowupFinished,07:59.0,SN II,0.049,0.04191
2020qql,247.7421187,32.30756543,FollowupFinished,35:56.3,SN Ia,0.076,0.079195
2020rmy,310.156625,-3.521630954,FollowupFinished,36:57.6,SN Ia,0.138,
2020teb,46.44698824,-0.161555619,FollowupFinished,24:28.8,SN Ia,0.104,0.110927
2020sia,5.169135091,28.82264951,FollowupFinished,44:58.0,SN Ia,0.099,0.102227
2020scj,1.126042028,17.54293184,FollowupFinished,35:31.2,SN Ia,0.103,0.104964
2020sym,22.25290892,-19.10891432,FollowupFinished,02:52.8,SN Ic,0.042,0.053887
2020pki,318.1012296,13.00488049,FollowupFinished,32:41.9,SN Ia,0.028,
2020onu,17.86578231,-17.36828007,FollowupFinished,11:02.4,SN Ia,0.044,
2020qmo,10.39039927,1.437460203,FollowupFinished,32:09.6,SN II,0.042,0.052893
2020skr,40.68824678,38.08371111,FollowupFinished,9/3/20 9:17,SN Ia,0.099,
2020sga,320.9012525,13.81749494,FollowupFinished,44:28.0,SN Ia,0.079,
2020tkc,1.646159187,28.30940461,FollowupFinished,9/6/20 8:44,SN IIb,0.036,0.039126
2020vbj,334.6358166,35.63328593,FollowupFinished,37:05.0,SN Ia-91T-like,0.116,
2020nxt,339.4009816,35.00212086,NeedsTemplate,53:16.8,SN Ibn,,0.025369
2020tfc,334.2533398,30.65585709,NeedsTemplate,23:31.2,SN Ia,0.03,0.050904
2021dk,209.9644741,35.75674213,Ignore,11:31.2,,,0.097397
2020advr,146.1118667,33.22908333,Ignore,49:26.4,,,0.144476
2020acyq,17.54055802,5.154813596,Ignore,12/10/20 0:00,,,0.189565
2020zjt,116.9421788,40.84888808,Ignore,10:31.0,,,0.162148
2020aetg,44.66599527,40.67044975,Ignore,16:19.2,,,
2020aeti,138.9219029,25.66012797,Ignore,22:33.6,,,0.341958
2021aoy,9.960370833,3.697658333,Ignore,1/5/21 5:09,,,0.407059
2021iv,140.3751922,31.32289789,Ignore,12:32.0,,,0.104177
2021pj,138.8633442,31.80761084,Following,05:45.6,SN II,0.042,0.369153352
2021rh,134.7126583,24.45163889,Ignore,27:50.4,,,0.311849
2021jt,91.44498084,-23.32003495,Ignore,00:28.8,,,
2021jv,59.64300759,-8.373611788,Ignore,49:26.4,,,
2020adkf,222.8126,41.41527957,Ignore,27:12.0,,,0.110974
2021dow,214.748225,41.72253611,Ignore,23:02.4,,,0.344421
2021wd,219.6054313,41.21577995,Ignore,48:57.6,,,0.131107
2021pe,125.5336046,43.31014619,Ignore,1/7/21 11:31,,,
2020adat,138.1608322,42.49479108,Ignore,1/7/21 0:00,,,0.164133
2020acvi,140.2896759,41.37810604,Ignore,12/9/20 0:00,,,0.533579
2021pd,157.3184021,-5.056958261,Ignore,13:26.4,,,
2020aena,158.8906102,-1.470201245,Ignore,2/11/21 0:00,,,0.108284
2020acih,163.2741118,-0.310259437,Ignore,1/8/21 0:00,,,0.122446
2021aow,185.8420417,5.953875,Ignore,08:09.6,,,0.09488
2021afg,161.8316606,-2.351695286,Ignore,1/8/21 0:00,,,0.109815
2021afd,155.537,3.060047222,Ignore,20:09.6,,,0.213792
2021afh,192.9020443,5.790021993,Ignore,1/8/21 14:09,,,0.137965
2021afk,186.3751917,31.11198056,Ignore,35:31.2,,,0.557533
2021wr,115.7608172,39.24866011,Ignore,1/8/21 9:13,,,0.163105
2020acop,181.1988617,17.03345804,Ignore,1/12/21 0:00,,,0.051886
2020aevg,174.3129549,9.202472728,Ignore,1/12/21 0:00,,,0.109608
2021aov,187.4224871,13.60727322,Ignore,1/8/21 14:02,,,0.15645
2021beb,112.0013348,42.66179985,Interesting,1/12/21 0:00,,,0.122455
2021cjm,150.9835667,1.472663889,Ignore,13:26.4,,,0.029899
2021aou,153.3201292,2.961791667,Ignore,14:52.8,,,0.25571
2021apd,16.3752201,3.7552371,Interesting,1/13/21 0:00,SN Ia,0.1,0.088281
2021afe,155.613019,0.130675669,Ignore,1/8/21 0:00,,,0.169905
2021agt,196.714774,17.06644463,Ignore,1/14/21 0:00,,,
2020aaiy,95.19005479,-21.31455703,Ignore,01:42.0,,,
2021aot,10.84742083,2.030519444,Ignore,26:52.8,,,0.161794
2021uo,208.1110914,31.57919844,Ignore,58:00.0,,,0.208895
2021atj,188.2711583,9.940647222,Ignore,1/15/21 13:55,,,0.17536
2021bbb,194.8592302,-3.275636197,Ignore,1/15/21 0:00,,,0.211241
2021ati,202.773984,31.45155848,Ignore,25:55.2,,,0.31877
2021bbr,207.3797292,28.25919167,Ignore,27:21.6,,,0.080878
2021buj,206.6559667,30.37184167,Ignore,53:22.0,,,0.01967
2021aoi,174.9346301,9.690697339,Ignore,43:40.8,,,0.247128
2021baa,216.4583463,37.94204348,Watch,23:02.4,,,0.199061
2021bbq,179.911375,19.95977778,Ignore,06:14.4,,,0.297845
2021bbp,42.14859583,38.74875278,Ignore,19:40.8,,,
2021pn,191.5660247,-0.222044567,Watch,21:03.0,,,0.144698
2020achp,42.23833333,41.03402778,Interesting,20:41.3,,,
2021aru,202.4121432,32.59335756,Ignore,1/11/21 14:38,,,0.18963
2021atk,189.773575,-5.567142181,Ignore,1/17/21 0:00,,,
2021bbd,189.8944572,-3.719041926,Watch,36:57.6,,,0.08716
2020abwx,21.00119047,14.08406099,Ignore,52:19.2,,,0.2076
2020achk,66.50899944,-7.729323599,Ignore,12/7/20 0:00,,,0.177267
2020adlp,121.7564624,39.70765496,Watch,28:50.0,SN Ia,0.07848,0.057381
2021J,186.6125704,31.22236302,Following,44:04.0,SN Ia,0.002388,
2021bmt,93.136875,-21.12335,FollowupRequested,15:50.4,SN Ia,0.07,
2021bmb,224.3253658,43.45972237,FollowupRequested,1/30/21 14:38,SN Ia,0.0375,0.108109
2021in,13.53045307,5.019581577,Ignore,57:28.0,,,0.176497
2021pl,182.9082068,12.16305173,Watch,23:02.4,SN Ia,0.07378,0.095062
2021im,12.40739317,2.788204355,Ignore,57:28.0,,,0.193321
2021cji,140.1808472,50.54397661,Watch,44:38.4,,,0.113238
2021dox,137.5816,41.00141944,Ignore,47:02.4,,,0.344093
2021arg,67.8282625,-10.39638611,Watch,1/17/21 4:29,SN II,0.031,
2019yvr,191.2838901,-0.459091225,Following,12/27/19 12:30,SN Ib,0.005,0.095936436
2020nov,254.5540937,2.117539879,Following,34:53.0,TDE,0.084,
2020ue,190.6949079,2.6595077,Following,1/12/20 17:20,SN Ia,0.003,0.119812915
2021doy,109.7998583,37.24931667,Ignore,32:38.4,,,0.087917
2021dpa,140.3927375,34.75500278,Ignore,2/7/21 9:50,,,
2021doz,137.3075458,43.01736944,Ignore,51:50.4,,,0.173961
2021dpb,128.5389083,-4.138725,Ignore,22:04.8,,,0.082215
2021bpq,152.5423042,6.750941667,FollowupRequested,17:17.0,SN Ia,0.1,0.098906
2021cjj,187.28008,7.274660563,Watch,41:45.6,,,0.09729
2021dpc,128.8066542,-5.066969444,Ignore,22:04.8,,,0.022161
2021bwy,194.9915086,7.011767986,Ignore,2/5/21 10:05,,,0.190164
2021dcj,133.4466042,-0.9822,Watch,2/5/21 7:03,,,0.184437
2021cth,185.7820369,6.209177628,Watch,53:16.8,,,0.088297
2021cbe,132.8498007,-1.343825755,Watch,58:19.0,,,0.378481
2021bxe,194.366878,29.20020585,Ignore,26:04.0,,,0.15407
2021bug,188.5948544,2.317291937,Following,54:43.2,SN II,0.005847,0.018197
2021bmv,66.66111667,-11.89602778,FollowupRequested,13:26.4,SN IIn,0.09,
2021bsv,162.9235014,-0.432497017,FollowupRequested,33:01.0,,,0.055951
2021cqv,192.1919271,31.83526421,Watch,46:04.8,,,0.120716
2021bvy,186.7457064,18.51693128,Watch,32:26.0,,,0.189613
2021cob,187.6056636,2.151898129,Following,05:49.0,SN Iax[02cx-like],0.078,0.066864
2021csn,156.8350375,3.932522222,Ignore,2/7/21 10:19,,,0.195425237
2021cso,178.6385875,20.20131667,Ignore,06:14.4,,,0.131151042
2021ctc,221.3955684,42.36905593,Ignore,39:21.6,,,
2020aewm,194.1057365,-4.615613652,Interesting,2/12/21 0:00,,,
2021coc,190.9159155,-0.484721263,Interesting,2/12/21 0:00,,,0.078034
2021ctd,189.6328056,-1.675862696,Watch,03:50.4,,,0.16712
2021ctg,205.1452708,28.92858611,Ignore,30:14.4,,,0.079186
2021bzk,122.5022708,40.31267004,Ignore,2/6/21 6:43,,,0.142793
2021ctf,184.7420375,9.342552778,Watch,34:33.6,,,0.251568
2021cte,224.8663283,37.70798944,Watch,2/12/21 13:40,,,0.551173
2021dpe,217.4440667,38.46193333,Ignore,37:55.2,,,0.172448
2021cto,160.7868841,-0.433666376,Watch,2/6/21 10:38,,,0.134681
2021bzl,126.6319667,48.38311111,FollowupRequested,42:54.0,,,0.082806
2021ccl,196.6090623,0.277946825,FollowupRequested,53:17.0,SN Ia,0.090356,0.071997
2021dpi,215.8680833,33.53726667,Ignore,54:43.2,,,0.305059
2021dph,217.8682708,34.27867778,Ignore,42:14.4,,,0.306654
2021dsp,224.3749542,37.57195556,Ignore,01:26.4,,,
2020acct,146.2335629,31.09603822,Following,09:07.2,SN IIn,0.035,0.028055
2021dpf,216.3066292,42.89070278,Ignore,37:55.2,,,0.255299
2021dpd,172.9404417,13.60021389,Ignore,29:45.6,,,0.214456
2021dsj,117.2701,39.64041389,Ignore,06:43.2,,,0.184049
2021dpw,186.2393193,6.097830378,Following,30:14.4,SN Ia,0.08,
2021dkz,193.0908667,2.085133333,FollowupRequested,57:53.0,,,0.144734
2020aapb,133.7036394,28.42788192,Ignore,12:28.8,,,0.584901
2020aegj,36.62299391,41.26825881,Ignore,27:50.4,,,
2021dda,184.7961791,6.148030918,Watch,04:09.7,SN Ia-91T-like,0.07,0.086501
2021biy,190.5167571,32.53551876,Following,24:57.6,LRN,0.002021,
2021dha,172.9102304,14.07629134,Following,2/17/21 9:54,SN Ia,0.08,0.056985
2020aect,174.1294036,12.04562071,Ignore,27:21.6,,,0.166988
2021pi,221.5907112,41.45900958,Ignore,20:09.6,,,0.081436
2021cly,59.6552125,-10.32584167,Following,35:02.4,SN Ib,0.037,
2021ctn,163.2264394,-0.772547324,Ignore,27:21.6,SN Ia-91T-like,0.0946,0.094355
2021chy,183.6928875,13.3314,Ignore,2/7/21 11:45,,,0.035882
2021cuw,146.0341417,31.00021389,Watch,18:45.0,,,
2021dov,134.0779528,-0.442139545,Following,2/22/21 6:36,SN Ia,0.012,0.030852
2021dkj,66.98365417,-10.03567778,FollowupRequested,10:01.0,,,
2021dpg,181.041267,18.48552291,Watch,21:07.2,,,0.000664
2021dcu,242.0259532,25.48373103,FollowupRequested,45:07.2,SN Ia,0.042,0.03872
2021dbg,141.1116557,-6.581421033,Following,14:52.8,SN II,0.02,
2020esm,211.8260883,-5.127117018,Following,3/22/20 8:52,SN IIP,0.036,
2021cjn,67.98947917,-7.4878,Ignore,08:09.6,,,0.119707
2021bsf,181.5168563,20.5370356,Following,58:33.6,SN Ia,0.0237,0.076776
2021ju,90.19019303,-23.26263678,Ignore,1/6/21 9:14,,,
2021bbc,194.2229216,-4.017642345,Ignore,1/15/21 0:00,,,
2021afi,156.6031675,6.000683469,Ignore,1/8/21 12:21,,,0.140237
2021atg,196.3423833,-0.556041667,Ignore,06:43.2,,,0.128362
2021ath,208.2018958,31.83941111,Ignore,1/3/21 15:14,,,0.04564
2021aox,161.7305133,-4.394704314,Interesting,30:14.4,,,
2021jr,39.9510875,42.07763056,FollowupRequested,08:09.6,,,
2020acsq,115.3826784,42.08888296,Ignore,12/17/20 0:00,,,0.3114
2020ybc,5.315379167,17.95311944,Ignore,22:04.8,,,0.563187
2021dtf,59.61859167,-12.26859722,FollowupRequested,41:16.8,,,
2021dpj,129.9388542,-3.272675,Watch,40:19.2,,,0.140872
2020oi,185.7288626,15.82359434,Following,1/7/20 13:00,SN Ic,0.0052,0.027651312
2020tlf,220.0417942,42.77762666,Following,18:14.4,SN IIn,0.008463,0.013384
2021ehh,195.6621573,27.62959688,FollowupRequested,3/3/21 9:09,,,0.155851
2021ekr,189.7926944,2.805626837,Watch,3/4/21 12:50,,,0.141394
2021fwo,194.8083333,-4.098691667,New,37:26.4,,,
2021dnm,189.3508881,23.09356252,FollowupRequested,2/20/21 8:55,SN Ia,0.046105,0.069942
2021eng,155.7203167,-0.632783333,Following,3/3/21 10:40,SN Ia,0.079,0.07895
2021dsk,198.5973,17.93563056,Ignore,58:33.6,,,0.295853
2021bwv,152.61435,2.228183333,FollowupFinished,54:54.0,SN II,0.022,0.022277
2020pst,18.30014048,2.283870976,FollowupFinished,7/17/20 11:01,SN Ia,0.046,0.048489
2019uit,192.5670394,21.33764582,FollowupFinished,11/5/19 13:53,SN IIn,0.071,0.072299322
2020sag,328.1597721,7.230752816,FollowupFinished,03:51.0,SN Ia,0.04,0.211549
2021jw,64.39260381,-8.260535396,FollowupFinished,46:33.6,SN Ic-BL,0.06,
2020rmg,17.28012346,-15.99716695,FollowupFinished,56:09.6,SN Ia,0.04,
2020tzs,333.7593414,0.465087934,FollowupFinished,01:23.0,SN II,0.057,0.078867
2020xkt,20.8780549,11.29098081,FollowupFinished,00:28.8,,,0.030781
2020zfn,326.0841292,8.623477778,FollowupFinished,06:25.0,SN Ia,0.038,0.039772
2020aavd,59.28742917,-24.90184444,FollowupFinished,22:33.6,SN Ia,0.142,
2020acxg,66.61815417,-20.84611667,FollowupFinished,44:38.4,SN Ia-91T-like,0.173,
2020uys,21.39338051,-18.36402659,FollowupFinished,36:57.6,,,
2020lbh,205.8542196,35.18410146,FollowupFinished,48:28.8,SN Ic,0.015,0.072034
2020acbc,64.17187917,-24.83494722,FollowupFinished,15:19.3,SN Ia,0.13,
2020thx,22.28486443,-14.7939683,FollowupFinished,52:19.2,SN II,0.084,
2020tht,17.72679424,-18.96393804,FollowupFinished,28:19.2,SN Ia,0.053,
2020uwl,22.3608587,-15.41261923,FollowupFinished,37:16.0,SN II,0.093,
2020wfg,126.4421246,43.30414079,FollowupFinished,19:29.6,SN Ia,0.108,0.098515
2020wux,20.88335188,-19.17103703,FollowupFinished,10/15/20 8:52,SN Ia,0.066,
2020zgc,21.07082526,-19.43185085,FollowupFinished,30:21.0,SN Ia,0.068,
2020abjq,16.56094993,3.573940176,NeedsTemplate,02:52.8,SN II,0.018433,0.02592
2020scq,40.97010667,-0.618528513,NeedsTemplate,8/25/20 13:33,,,0.134954
2020xua,342.8424046,32.35131261,NeedsTemplate,03:50.4,SN II,0.022,0.02408
2020sjo,66.59144877,-10.09881052,NeedsTemplate,8/31/20 11:21,SN Ia,0.031141,
2020abcn,171.9253813,10.31283485,FollowupFinished,12/5/20 0:00,SN Ia,0.038306002,0.049341
2021bmu,19.51905829,14.55367828,FollowupFinished,08:09.6,SN Ia-91bg-like,0.053,0.066992
2021js,39.23922815,41.44361905,FollowupFinished,38:52.8,CV,,
2020aeqp,187.3406484,31.25452325,FollowupFinished,1/6/21 0:00,SN Ia,0.06,0.074833
2021bsr,135.0886135,23.14550201,FollowupFinished,26:49.0,SN Ia-91T-like,0.087,0.089393
2021cca,154.0804569,-1.78747664,FollowupFinished,10:28.0,SN Ia,0.085,0.091228
2021arl,185.7503775,18.59368659,FollowupFinished,58:29.0,SN Ia,0.069,0.103895
2020tjd,86.52076883,-23.56601742,FollowupFinished,34:04.8,SN IIb,0.01,
2020aeqm,135.2644527,23.28611646,FollowupFinished,44:09.6,SN Ia,0.042,0.039036
2021cta,130.362,44.14618056,FollowupFinished,2/12/21 5:15,SN Ia,0.081,0.088956
2021agu,193.6007762,7.04272859,FollowupFinished,2/17/21 0:00,SN Ia,0.05,0.042207
2021us,177.8250142,18.32665823,FollowupFinished,43:51.0,SN Ia,0.067,0.088215
2020abim,193.3734954,-5.431792855,FollowupFinished,07:37.0,SN Ia,0.015661,
2020adkc,154.0817395,-1.516317384,FollowupFinished,06:52.0,SN Ia,0.0917,0.097514
2021aci,214.7772243,42.45780755,FollowupFinished,1/12/21 15:21,SN Ia,0.09,0.121204
2021aff,151.6089417,6.912177778,FollowupFinished,20:09.6,SN II,0.051,0.054971
2020uaq,233.7042917,10.97703889,FollowupFinished,29:45.6,SN IIn,0.115,0.525849
2020zhh,66.58267002,-10.09911191,FollowupFinished,18:14.4,SN Ia,0.04,
2020rkt,36.24528391,-5.261742665,FollowupFinished,11:02.4,SN Ia,0.103,0.221255
2020ulz,66.2127462,-10.93425721,FollowupFinished,39:37.0,SN Ia,0.103,
2020utm,48.86439328,-3.010607815,FollowupFinished,15:21.6,SN IIn,0.044,
2020vdk,13.57781672,-14.68986619,FollowupFinished,10/6/20 7:13,SN II,0.074,
2020zcp,44.29391357,-0.837063208,FollowupFinished,05:16.8,SN Ib,0.043,0.035261
2021ekf,65.61067917,-25.14013611,FollowupFinished,48:57.6,,,
2020zmn,17.01461574,1.144884031,FollowupFinished,04:19.2,LBV,0.019,0.037009
2020acwy,36.36016001,38.54726054,FollowupFinished,33:07.2,,,
2020zbr,59.98147205,-12.23781684,FollowupFinished,41:16.8,SN Ia,0.091,
2021dib,173.7361391,9.038674449,FollowupFinished,2/22/21 0:00,SN I,0.086,0.071966
2021at,116.785775,43.48921548,FollowupFinished,05:38.0,SN Ia-91T-like,0.111,0.126165
2020acty,140.6499548,30.99465913,FollowupFinished,27:02.0,SN Ib,0.047,0.045172
2020aafm,138.3941215,52.09724763,FollowupFinished,47:55.0,SN II,0.066,0.119068
2021afj,174.1186458,13.22104444,FollowupFinished,45:07.2,SN Ia,0.097,0.107605
2020zjo,109.9735125,37.55807222,FollowupFinished,13:25.0,SN Ia,0.082,0.076548
2020aczd,68.28219988,-7.527257998,FollowupFinished,12/17/20 5:09,SN II,0.034,
2020acxb,52.71926543,-2.014201884,FollowupFinished,53:16.8,SN Ia,0.143,
2020jfo,185.4603481,4.481693218,NeedsTemplate,5/14/20 0:00,SN II,0.00502,0.15734
2021fvg,192.8918292,-0.780233333,New,3/15/21 10:12,,,0.210554
2021fom,194.8002968,-4.204010046,New,23:02.4,,,
2020icx,155.5503625,3.6252491,Ignore,4/24/20 4:34,,,0.132684739
2020iep,182.1222333,18.62626667,Ignore,4/18/20 10:26,,,0.123676271
2020int,243.0969417,32.55800556,Ignore,59:34.0,,,0.076095302
2020iyg,193.11415,3.398258333,Ignore,40:59.8,,,0.142823015
2020jdg,209.7071667,33.92211944,Ignore,28:19.2,,,0.119972723
2020jjp,239.0894542,33.03070278,Ignore,34:33.6,,,0.112234785
2020jwr,190.4188708,1.637388889,Ignore,17:16.8,,,0.189298
2020jwb,221.2274958,-7.073722222,Ignore,5/13/20 8:38,,,
2020jyi,221.3073833,-8.415013889,Ignore,22:33.6,,,
2020jzp,240.389175,36.29251667,Ignore,21:56.2,,,0.078067
2020kjp,244.0065375,33.48896111,Ignore,52:02.0,,,0.608773
2020kql,142.7303333,35.06043056,Ignore,4/17/20 7:19,,,
2020lbi,161.1859042,-2.037630556,Ignore,20:38.4,,,0.055839
2020lky,198.0985167,-0.911736111,Ignore,40:19.2,,,0.203289
2020ltr,149.9120083,3.069447222,Ignore,57:07.2,,,0.150982
2020lvr,196.0400875,-0.858591667,Ignore,36:28.8,,,0.610309
2020lxc,244.2163458,27.04208333,Ignore,5/19/20 12:28,,,0.137184
2020lyb,160.4262042,-0.846822222,Ignore,17:16.8,,,0.034999
2020lzk,228.1254292,9.909872222,Ignore,21:07.2,,,0.045364
2020lzp,196.3902333,-4.964513889,Ignore,16:19.2,,,
2020mgm,231.6783833,-1.352908333,Ignore,55:40.8,,,0.061962
2020mqf,174.60475,8.992905556,Ignore,6/11/20 4:55,,,0.539056
2020mth,316.9920833,-5.29495,Ignore,5/24/20 5:24,,,
2020nbj,173.37625,10.87316111,Ignore,37:26.4,,,0.375344
2020ngu,231.2333125,12.43647778,Ignore,22:33.6,,,0.113667
2020njo,234.4483917,13.073475,Ignore,5/20/20 11:16,,,0.194286
2020nki,193.8374958,19.46222778,Ignore,44:13.0,,,0.078602
2020nlo,234.3432917,9.945638889,Ignore,46:33.6,,,0.501123
2020nxl,2.0493875,19.93279722,Ignore,53:04.4,,,0.074856
2020qvo,327.5920345,2.785765467,Ignore,8/23/20 0:00,,,0.071336
2020qwi,188.4533333,8.166277778,Ignore,09:20.4,,,0.428486
2020qzo,21.2514,2.105077778,Ignore,31:40.8,,,0.119776
2020rcp,241.8112417,32.10848056,Ignore,44:38.4,,,0.194526
2020rfx,359.7979433,18.78552572,Ignore,13:55.2,,,
2020roe,359.5483333,18.791975,Ignore,7/21/20 13:19,,,0.141263
2020rxp,236.6211292,17.65388056,Interesting,8/24/20 5:45,,,0.102536
2017fgc,20.06016667,3.402766667,FollowupFinished,7/11/17 0:00,SN Ia,0.008,0.011153647
2020qwb,327.3171375,7.174452778,Ignore,01:42.0,SN Ia,0.0711,0.057772
2020ssq,318.6527917,-0.8274,Ignore,25:04.0,,,
2020ted,246.9410083,28.16881944,Ignore,54:43.2,,,0.113101
2020trr,52.1431792,-2.609278614,Ignore,9/14/20 0:00,,,
2020tvb,327.1607792,3.586377778,Ignore,26:25.7,,,0.131502
2020tvh,50.83858333,-4.406319444,Ignore,15:50.4,,,
2020ubu,41.05696685,-2.904155936,Ignore,9/28/20 0:00,SN Ia,0.08,
2020uvs,36.37981191,-8.687994556,Ignore,9/12/20 0:00,,,0.090124
2020tug,359.8661769,17.86521438,Interesting,9/19/20 8:47,SN Ia,0.05,0.046114
2020van,356.0555244,24.80925939,Ignore,9/10/20 0:00,,,
2020vdd,64.2069,-25.74466944,Ignore,36:44.4,,,
2020vij,5.5492125,24.15258333,Ignore,35:02.4,,,0.597486
2020vik,35.16084305,-5.614557859,Ignore,20:38.4,,,0.191369
2020vmr,64.38174258,-11.00834311,Ignore,35:02.4,,,
2020vom,80.86956861,-23.10440405,Ignore,10/9/20 0:00,,,
2020voy,15.98750095,-18.26695805,Ignore,43:40.8,,,
2020vpn,2.014104167,16.43741944,Ignore,10/9/20 10:55,,,0.099605
2020vpz,317.439168,0.151969244,Ignore,11:31.2,,,
2020vra,36.55571881,-7.4534238,Ignore,9/12/20 0:00,,,0.333965
2020vta,50.02623556,-5.527799332,Ignore,9/14/20 0:00,,,
2020vuc,38.94206574,-3.628297442,Ignore,30:14.4,,,
2020vvj,316.404431,-3.626550961,Ignore,9/12/20 0:00,,,0.085534
2020vuy,20.74211698,3.890951345,Ignore,28:19.2,,,0.52987
2020vvf,61.98787483,-11.02438559,Ignore,13:26.4,,,
2020wdl,52.74208698,-4.108067361,Ignore,9/14/20 0:00,,,
2020vvp,238.6361667,21.73006111,Ignore,33:07.2,,,0.37314
2020whk,18.44276453,1.798879992,Ignore,29:45.6,,,0.15628
2020wif,58.6209875,-25.22834722,Ignore,07:06.0,,,
2020wkr,66.02987811,-10.56533129,Ignore,9/18/20 0:00,,,
2020wlj,317.7053922,-5.610689252,Ignore,9/12/20 0:00,,,0.214771
2020wmg,11.720725,-20.35592222,Ignore,7/21/20 13:47,,,
2020umf,358.1412296,25.7513221,Ignore,9/14/20 8:07,,,0.07569
2020xmv,119.3091083,37.34858889,Ignore,10/13/20 11:19,,,0.446046
2020xkn,132.1596375,47.88872222,Ignore,52:14.3,,,0.154225
2020ybp,244.2237792,31.31074167,Ignore,19:45.0,,,
2020shc,121.552725,35.89676389,Ignore,24:37.4,,,0.035183
2020yhi,127.3131963,50.77266777,Ignore,10/27/20 12:13,,,0.101194
2020yhw,310.4677833,-0.437925,Ignore,54:49.0,,,0.052836
2020ymn,343.4605417,33.50898889,Ignore,01:26.4,,,0.107531
2020zcn,318.0154208,-4.053672222,Ignore,03:50.4,,,0.08642
2020pri,12.93496706,-21.64026453,Ignore,9/8/20 0:00,,,
2020zoj,124.9573385,50.48787705,Watch,58:04.8,,,0.156823
2020zol,45.57688828,-1.226823098,Ignore,11/8/20 0:00,,,0.377056
2020zpz,316.89055,-1.202775,Ignore,04:55.0,,,0.155152
2020zyj,4.12915,21.46813889,Ignore,07:40.0,,,0.162882
2020zzp,120.091937,36.53116901,Ignore,11/10/20 14:09,,,0.513955
2020aalu,0.524158333,18.223875,Ignore,38:16.0,,,0.623156
2020aamr,130.3306667,43.10233056,Ignore,18:14.4,,,0.236526
2020aamu,42.8497875,-3.612322222,Ignore,06:43.2,,,0.235163
2020xyo,156.1031667,3.382180556,Ignore,13:55.2,,,0.421498
2020aarz,38.42917839,-4.257264815,Ignore,11/8/20 0:00,,,
2020zke,116.2846208,38.40427222,Ignore,46:15.0,,,0.106333
2020zpi,40.08520833,-1.446861111,Interesting,11/12/20 7:35,SN Ia,0.03726,0.025848
2020abhi,187.391825,13.77487222,Ignore,11/26/20 12:39,,,0.440014
2020aawu,192.9752125,18.57260833,Ignore,39:58.0,,,0.087721
2020aawv,192.7094333,18.348125,Ignore,39:58.0,,,0.097934
2020abjb,60.917925,-10.70640556,Ignore,11/12/20 8:42,,,
2020absw,59.03193333,-26.66526389,Ignore,12:37.2,,,
2020abtm,333.8892042,31.45229167,Ignore,13:55.2,,,0.085529
2020abvu,36.94592083,40.93576667,Ignore,18:14.4,,,
2020abzl,22.96454167,-13.91877222,Ignore,12/6/20 6:36,,,
2020tnu,18.99937331,0.884344323,Ignore,9/16/20 0:00,,,0.057808
2020accg,56.915136,-22.29525287,Ignore,11:31.2,,,
2020acjk,127.4817417,50.13633611,Ignore,52:20.0,,,0.158182
2020acki,21.272475,-14.35546389,Ignore,02:49.6,,,
2020acmi,54.667625,-27.19684167,Ignore,17:32.0,SN Ia,0.055,
2020acgk,178.5739417,20.69231389,Ignore,15:04.6,,,0.016841484
2020aauu,187.6603083,2.580163889,Ignore,23:39.0,,,0.079189
2020aaws,193.3282333,4.127955556,Ignore,38:37.0,,,0.08528
2020acqi,117.7888832,39.21649428,Ignore,12/13/20 0:00,,,0.288239
2020acqs,34.71252052,-6.782723294,Ignore,03:21.6,,,0.030884
2020acin,189.9037417,-3.945616667,Ignore,27:40.0,,,
2020abul,192.0991083,-1.377222222,Ignore,16:30.0,,,0.085041
2020abix,195.7633,-1.269897222,Ignore,06:14.4,,,0.045668
2020acxm,3.447416667,20.41808056,Ignore,49:26.4,,,0.19074
2020aczc,53.18536667,-1.067741667,Ignore,12/17/20 4:33,,,
2020abkv,142.414,33.13503056,Ignore,46:33.6,,,0.411378
2020adcd,42.014175,-3.0539,Ignore,09:07.2,,,0.368293
2020addc,59.84337613,-8.282742168,Ignore,15:21.6,,,
2020addt,52.71840423,-1.520383007,Ignore,12/11/20 0:00,,,
2020addx,59.420775,-11.91183611,Ignore,12/7/20 8:16,,,
2020adfl,155.8354792,1.638738889,Watch,39:06.0,,,0.079426
2020adfo,183.8678583,10.04066667,Ignore,38:38.1,,,0.098253
2019wog,146.4384526,31.17316479,Ignore,12/5/19 0:00,,,0.478398
2020acra,160.3078708,-3.641941667,Ignore,28:46.0,,,
2020adsw,37.69045833,40.54806944,Ignore,53:45.6,,,
2020adza,142.1465958,51.431925,Ignore,12/23/20 12:57,,,0.35196
2020aeav,136.4601875,47.56791111,Ignore,53:16.8,,,0.525509
2021sl,140.4967818,-7.554362377,Ignore,30:26.0,,,
2021sa,125.5534958,42.93263333,Watch,21:40.0,,,0.190409
2019zlc,175.3519996,10.33818326,Ignore,12/29/19 13:16,,,0.080057802
2020aefv,66.89888735,-12.3770314,Ignore,12/11/20 9:43,,,
2020aeid,128.6482917,44.43092222,Ignore,19:40.8,,,0.234178
2020aevf,67.63903333,-8.846361111,Ignore,21:07.2,,,
2020aeie,15.23005228,5.333953039,Ignore,13:55.2,,,0.303467
2021abj,116.2962917,39.39498889,Ignore,1/8/21 9:13,,,0.548391
2020aefy,109.608518,39.46154415,Ignore,12/13/20 0:00,,,0.066028
2021amm,152.6212417,5.624772222,Ignore,07:37.0,,,0.113008
2021aon,115.7028387,37.669733,Ignore,41:45.6,,,0.605034
2021aql,177.828,21.45609167,Ignore,06:20.0,,,0.381399
2020aehy,63.39580637,-10.66720886,Ignore,12/12/20 0:00,,,
2021bcr,170.0946458,12.03142778,Ignore,25:55.2,,,0.168676
2021bei,225.4343542,41.28278333,Watch,28:19.2,,,0.482933
2021bnn,197.5592917,-4.289869444,Ignore,09:07.2,,,
2021amq,242.9752458,21.00869722,Ignore,53:20.0,,,0.144607
2021bui,238.9560958,24.4865,Watch,19:20.6,,,0.091929
2021dmu,184.5400375,5.332036111,Watch,2/10/21 9:04,,,0.141763
2021cb,237.9320292,27.79529444,Watch,37:28.0,,,0.097054
2020thr,50.70603214,-2.030219845,FollowupFinished,42:14.4,,,
2020aboh,139.38235,41.99278056,NeedsTemplate,37:55.2,SN,0.007,0.185541